,First,Second,Third,Choice
0,"(73, ('2017 Mercedes-Benz E300', 'Mercedes GLC300'))","(73, ('2017 Mercedes-Benz E300', 'Mercedes GLE350'))","(77, ('2017 Mercedes-Benz E300', 'Mercedes C300'))",0
1,"(84, ('2018 BMW 340 i xDrive', 'BMW 530i XDrive'))","(84, ('2018 BMW 340 i xDrive', 'BMW 540i XDrive'))","(90, ('2018 BMW 340 i xDrive', 'BMW 340i XDrive'))",3
2,"(84, ('2018 BMW 740 i xDrive', 'BMW 440i XDrive'))","(84, ('2018 BMW 740 i xDrive', 'BMW 540i XDrive'))","(88, ('2018 BMW 740 i xDrive', 'BMW M760i xDrive'))",0
3,"(85, ('2018 BMW X2 sDrive28i', 'BMW X4 XDrive 28i'))","(91, ('2018 BMW X2 sDrive28i', 'BMW X2 SDrive 28i'))","(91, ('2018 BMW X2 sDrive28i', 'BMW X2 XDrive 28i'))",2
4,"(78, ('2018 Chevrolet Equinox Premier w/3LZ', 'Chevrolet Equinox LZ'))","(81, ('2018 Chevrolet Equinox Premier w/3LZ', 'Chevrolet Equinox 3LZ'))","(89, ('2018 Chevrolet Equinox Premier w/3LZ', 'Chevrolet Equinox Premier'))",3
5,"(85, ('2018 Chevrolet Malibu Base', 'Chevrolet Malibu LT'))","(86, ('2018 Chevrolet Malibu Base', 'Chevrolet Malibu'))","(87, ('2018 Chevrolet Malibu Base', 'Chevrolet Malibu L'))",2
6,"(72, ('2018 Chevrolet Work Van', 'Chevrolet Spark LS'))","(72, ('2018 Chevrolet Work Van', 'Chevrolet Spark LT'))","(73, ('2018 Chevrolet Work Van', 'Chevrolet Sonic'))",0
7,"(52, ('2018 FIAT 500 Lounge', 'Fiat 500 Pop'))","(77, ('2018 FIAT 500 Lounge', 'Fiat 500L Lounge'))","(80, ('2018 FIAT 500 Lounge', 'Fiat 500 Lounge'))",3
8,"(52, ('2018 FIAT 500 Pop', 'Fiat 500 Lounge'))","(72, ('2018 FIAT 500 Pop', 'Fiat 500L Pop'))","(75, ('2018 FIAT 500 Pop', 'Fiat 500 Pop'))",3
9,"(50, ('2018 FIAT 500C Pop', 'Fiat 500 Lounge'))","(69, ('2018 FIAT 500C Pop', 'Fiat 500L Pop'))","(72, ('2018 FIAT 500C Pop', 'Fiat 500 Pop'))",3
10,"(88, ('2018 Ford EcoSport SES', 'Ford Ecosport S'))","(91, ('2018 Ford EcoSport SES', 'Ford Ecosport SE'))","(94, ('2018 Ford EcoSport SES', 'Ford Ecosport SES'))",3
11,"(80, ('2018 Ford F-150 Limited', 'Ford Flex Limited'))","(87, ('2018 Ford F-150 Limited', 'Ford F-250 SD Limited'))","(87, ('2018 Ford F-150 Limited', 'Ford F-350 SD Limited'))",0
12,"(46, ('2018 Ford Transit-250 148 WB Medium Roof Cargo', 'Ford Transit Connect XLT'))","(47, ('2018 Ford Transit-250 148 WB Medium Roof Cargo', 'Ford Transit Connect XL'))","(49, ('2018 Ford Transit-250 148 WB Medium Roof Cargo', 'Ford Transit Connect Titanium'))",0
13,"(52, ('2018 GMC Work Van', 'GMC Terrain SLT'))","(54, ('2018 GMC Work Van', 'GMC Terrain SL'))","(55, ('2018 GMC Work Van', 'GMC Canyon'))",0
14,"(60, ('2018 RAM 1500 ST', 'GMC Sierra 1500 SLT'))","(62, ('2018 RAM 1500 ST', 'Dodge Ram 1500 SLT'))","(64, ('2018 RAM 1500 ST', 'Dodge Ram 1500 ST'))",3
15,"(74, ('2018 Toyota Prius Four Touring', 'Toyota Prius C Two'))","(77, ('2018 Toyota Prius Four Touring', 'Toyota Prius C Four'))","(81, ('2018 Toyota Prius Four Touring', 'Toyota Prius Four'))",3
16,"(67, ('2018 Volvo V90 Cross Country T5', 'Volvo V90 T6 X-Country Momentum'))","(67, ('2018 Volvo V90 Cross Country T5', 'Volvo V90 T6 X-Country Ocean Ra'))","(71, ('2018 Volvo V90 Cross Country T5', 'Volvo V60 T5 X-Country'))",0
17,"(71, ('2019 Acura ILX Base', 'Acura RLX Advance'))","(71, ('2019 Acura ILX Base', 'Acura RLX Tech'))","(71, ('2019 Acura ILX Base', 'Acura TLX Advance'))",0
18,"(62, ('2019 Acura ILX Technology Package', 'Acura RLX Tech'))","(64, ('2019 Acura ILX Technology Package', 'Acura MDX Advance Package'))","(65, ('2019 Acura ILX Technology Package', 'Acura RDX Adv Package'))",0
19,"(81, ('2019 Alfa Romeo Giulia Base', 'Alfa-Romeo Giulia Q4'))","(81, ('2019 Alfa Romeo Giulia Base', 'Alfa-Romeo Giulia TI'))","(82, ('2019 Alfa Romeo Giulia Base', 'Alfa-Romeo Giulia'))",3
20,"(82, ('2019 Alfa Romeo Stelvio Base', 'Alfa-Romeo Stelvio Q4'))","(82, ('2019 Alfa Romeo Stelvio Base', 'Alfa-Romeo Stelvio TI'))","(83, ('2019 Alfa Romeo Stelvio Base', 'Alfa-Romeo Stelvio'))",3
21,"(86, ('2019 Alfa Romeo Stelvio Ti', 'Alfa-Romeo Stelvio Q4'))","(87, ('2019 Alfa Romeo Stelvio Ti', 'Alfa-Romeo Stelvio'))","(90, ('2019 Alfa Romeo Stelvio Ti', 'Alfa-Romeo Stelvio TI'))",3
22,"(79, ('2019 Audi A5 2.0T Premium quattro', 'Audi A6 2.0T Premium Plus'))","(79, ('2019 Audi A5 2.0T Premium quattro', 'Audi Q5 2.0T Premium'))","(79, ('2019 Audi A5 2.0T Premium quattro', 'Audi Q5 2.0T Premium Plus'))",0
23,"(95, ('2019 Audi A5 2.0T Prestige', 'Audi A3 2.0T Prestige'))","(95, ('2019 Audi A5 2.0T Prestige', 'Audi A4 2.0T Prestige'))","(95, ('2019 Audi A5 2.0T Prestige', 'Audi Q5 2.0T Prestige'))",0
24,"(79, ('2019 Audi A6 45 Premium', 'Audi A3 2.0T Premium'))","(79, ('2019 Audi A6 45 Premium', 'Audi A4 2.0T Premium'))","(84, ('2019 Audi A6 45 Premium', 'Audi A6 2.0T Premium'))",0
25,"(79, ('2019 Audi Q7 45 Premium Plus', 'Audi A6 2.0T Premium Plus'))","(83, ('2019 Audi Q7 45 Premium Plus', 'Audi Q3 2.0T Premium Plus'))","(83, ('2019 Audi Q7 45 Premium Plus', 'Audi Q5 2.0T Premium Plus'))",0
26,"(79, ('2019 Audi Q7 55 Premium Plus', 'Audi A6 2.0T Premium Plus'))","(83, ('2019 Audi Q7 55 Premium Plus', 'Audi Q3 2.0T Premium Plus'))","(83, ('2019 Audi Q7 55 Premium Plus', 'Audi Q5 2.0T Premium Plus'))",0
27,"(75, ('2019 Audi Q7 55 Prestige', 'Audi A4 2.0T Prestige'))","(80, ('2019 Audi Q7 55 Prestige', 'Audi Q3 2.0T Prestige'))","(80, ('2019 Audi Q7 55 Prestige', 'Audi Q5 2.0T Prestige'))",0
28,"(86, ('2019 Audi Q8 3.0T Prestige', 'Audi A4 2.0T Prestige'))","(90, ('2019 Audi Q8 3.0T Prestige', 'Audi Q3 2.0T Prestige'))","(90, ('2019 Audi Q8 3.0T Prestige', 'Audi Q5 2.0T Prestige'))",0
29,"(92, ('2019 Audi S3 2.0T Premium Plus', 'Audi Q5 2.0T Premium Plus'))","(96, ('2019 Audi S3 2.0T Premium Plus', 'Audi A3 2.0T Premium Plus'))","(96, ('2019 Audi S3 2.0T Premium Plus', 'Audi Q3 2.0T Premium Plus'))",0
30,"(88, ('2019 Audi S4 3.0T Premium Plus', 'Audi Q3 2.0T Premium Plus'))","(88, ('2019 Audi S4 3.0T Premium Plus', 'Audi Q5 2.0T Premium Plus'))","(92, ('2019 Audi S4 3.0T Premium Plus', 'Audi A4 2.0T Premium Plus'))",0
31,"(89, ('2019 Audi S4 3.0T quattro Premium', 'Audi Q7 3.0T Quattro Premium'))","(91, ('2019 Audi S4 3.0T quattro Premium', 'Audi S5 3.0 Quattro Premium'))","(95, ('2019 Audi S4 3.0T quattro Premium', 'Audi S4 3.0 Quattro Premium'))",3
32,"(81, ('2019 Audi e-tron Premium Plus', 'Audi Etron Premium'))","(83, ('2019 Audi e-tron Premium Plus', 'Audi Etron Premium Plus Ultra'))","(94, ('2019 Audi e-tron Premium Plus', 'Audi Etron Premium Plus'))",3
33,"(74, ('2019 Audi e-tron Prestige', 'Audi Etron Premium'))","(80, ('2019 Audi e-tron Prestige', 'Audi Etron Prestige Ultra'))","(92, ('2019 Audi e-tron Prestige', 'Audi Etron Prestige'))",3
34,"(73, ('2019 Audi e-tron quattro Premium Plus', 'Audi Allroad Quattro Premium'))","(77, ('2019 Audi e-tron quattro Premium Plus', 'Audi Allroad Quattro Prem Plus'))","(80, ('2019 Audi e-tron quattro Premium Plus', 'Audi Etron Premium Plus'))",3
35,"(87, ('2019 BMW 330i xDrive', 'BMW 340i XDrive'))","(87, ('2019 BMW 330i xDrive', 'BMW 530i XDrive'))","(93, ('2019 BMW 330i xDrive', 'BMW 330i XDrive'))",3
36,"(85, ('2019 BMW X1 xDrive28i', 'BMW X4 XDrive 28i'))","(91, ('2019 BMW X1 xDrive28i', 'BMW X1 SDrive 28i'))","(91, ('2019 BMW X1 xDrive28i', 'BMW X1 XDrive 28i'))",3
37,"(79, ('2019 BMW X5 xDrive40i', 'BMW X5 XDrive 5.0'))","(82, ('2019 BMW X5 xDrive40i', 'BMW X3 XDrive M40i'))","(85, ('2019 BMW X5 xDrive40i', 'BMW X5 XDrive 50i'))",3
38,"(86, ('2019 Cadillac CTS Luxury RWD', 'Cadillac CT6 Luxury'))","(86, ('2019 Cadillac CTS Luxury RWD', 'Cadillac XTS Luxury'))","(90, ('2019 Cadillac CTS Luxury RWD', 'Cadillac CTS Luxury'))",3
39,"(86, ('2019 Cadillac XT4 AWD Luxury', 'Cadillac XT5 Luxury'))","(86, ('2019 Cadillac XT4 AWD Luxury', 'Cadillac XTS Luxury'))","(90, ('2019 Cadillac XT4 AWD Luxury', 'Cadillac XT4 Luxury'))",3
40,"(86, ('2019 Cadillac XT4 AWD Premium Luxury', 'Cadillac CT6 Premium Luxury'))","(86, ('2019 Cadillac XT4 AWD Premium Luxury', 'Cadillac CTS Premium Luxury'))","(87, ('2019 Cadillac XT4 AWD Premium Luxury', 'Cadillac XT4 Prem Luxury'))",3
41,"(86, ('2019 Cadillac XT4 FWD Premium Luxury', 'Cadillac CT6 Premium Luxury'))","(86, ('2019 Cadillac XT4 FWD Premium Luxury', 'Cadillac CTS Premium Luxury'))","(87, ('2019 Cadillac XT4 FWD Premium Luxury', 'Cadillac XT4 Prem Luxury'))",3
42,"(76, ('2019 Cadillac XT4 FWD Sport', 'Cadillac CTS V-Sport'))","(80, ('2019 Cadillac XT4 FWD Sport', 'Cadillac CT6 Sport'))","(90, ('2019 Cadillac XT4 FWD Sport', 'Cadillac XT4 Sport'))",3
43,"(93, ('2019 Cadillac XT4 Premium Luxury', 'Cadillac CT6 Premium Luxury'))","(93, ('2019 Cadillac XT4 Premium Luxury', 'Cadillac CTS Premium Luxury'))","(94, ('2019 Cadillac XT4 Premium Luxury', 'Cadillac XT4 Prem Luxury'))",3
44,"(76, ('2019 Cadillac XT5 Base', 'Cadillac XT5 Premium'))","(76, ('2019 Cadillac XT5 Base', 'Cadillac XTS'))","(83, ('2019 Cadillac XT5 Base', 'Cadillac XT5'))",3
45,"(93, ('2019 Cadillac XT5 Premium Luxury', 'Cadillac CT6 Premium Luxury'))","(93, ('2019 Cadillac XT5 Premium Luxury', 'Cadillac CTS Premium Luxury'))","(94, ('2019 Cadillac XT5 Premium Luxury', 'Cadillac XT5 Prem Luxury'))",3
46,"(93, ('2019 Cadillac XTS Premium Luxury', 'Cadillac CT6 Premium Luxury'))","(96, ('2019 Cadillac XTS Premium Luxury', 'Cadillac ATS Premium Luxury'))","(96, ('2019 Cadillac XTS Premium Luxury', 'Cadillac CTS Premium Luxury'))",0
47,"(79, ('2019 Chevrolet Blazer 1LT', 'Chevrolet Cruze LT'))","(79, ('2019 Chevrolet Blazer 1LT', 'Chevrolet Spark LT'))","(79, ('2019 Chevrolet Blazer 1LT', 'Chevrolet Tahoe LT'))",0
48,"(79, ('2019 Chevrolet Blazer 2LT', 'Chevrolet Spark LT'))","(79, ('2019 Chevrolet Blazer 2LT', 'Chevrolet Tahoe LT'))","(80, ('2019 Chevrolet Blazer 2LT', 'Chevrolet Camaro 2LT'))",0
49,"(79, ('2019 Chevrolet Blazer 3LT', 'Chevrolet Cruze LT'))","(79, ('2019 Chevrolet Blazer 3LT', 'Chevrolet Spark LT'))","(79, ('2019 Chevrolet Blazer 3LT', 'Chevrolet Tahoe LT'))",0
50,"(84, ('2019 Chevrolet Blazer Premier', 'Chevrolet Traverse Premier'))","(85, ('2019 Chevrolet Blazer Premier', 'Chevrolet Cruze Premier'))","(85, ('2019 Chevrolet Blazer Premier', 'Chevrolet Tahoe Premier'))",0
51,"(76, ('2019 Chevrolet Blazer RS', 'Chevrolet Tahoe LS'))","(79, ('2019 Chevrolet Blazer RS', 'Chevrolet Camaro RS'))","(80, ('2019 Chevrolet Blazer RS', 'Chevrolet Traverse RS'))",0
52,"(92, ('2019 Chevrolet Camaro 1LT', 'Chevrolet Camaro LS'))","(95, ('2019 Chevrolet Camaro 1LT', 'Chevrolet Camaro 2LT'))","(97, ('2019 Chevrolet Camaro 1LT', 'Chevrolet Camaro LT'))",3
53,"(77, ('2019 Chevrolet Express 2500 Work Van', 'Chevrolet Express G3500 LT'))","(81, ('2019 Chevrolet Express 2500 Work Van', 'Chevrolet Express G2500 LS'))","(81, ('2019 Chevrolet Express 2500 Work Van', 'Chevrolet Express G2500 LT'))",0
54,"(79, ('2019 Chevrolet Impala 1LS', 'Chevrolet Spark LS'))","(92, ('2019 Chevrolet Impala 1LS', 'Chevrolet Impala LT'))","(97, ('2019 Chevrolet Impala 1LS', 'Chevrolet Impala LS'))",3
55,"(80, ('2019 Chevrolet Impala 1LT', 'Chevrolet Malibu 1LT'))","(92, ('2019 Chevrolet Impala 1LT', 'Chevrolet Impala LS'))","(97, ('2019 Chevrolet Impala 1LT', 'Chevrolet Impala LT'))",3
56,"(77, ('2019 Chevrolet Impala Premier 2LZ', 'Chevrolet Impala LT'))","(77, ('2019 Chevrolet Impala Premier 2LZ', 'Chevrolet Malibu Premier'))","(92, ('2019 Chevrolet Impala Premier 2LZ', 'Chevrolet Impala Premier'))",3
57,"(80, ('2019 Chevrolet LT', 'Chevrolet Tahoe LT'))","(80, ('2019 Chevrolet LT', 'Chevrolet Trax LTZ'))","(83, ('2019 Chevrolet LT', 'Chevrolet Trax LT'))",0
58,"(89, ('2019 Chevrolet Silverado 1500 High Country', 'Chevrolet Silverado 2500HD High Cty'))","(89, ('2019 Chevrolet Silverado 1500 High Country', 'Chevrolet Silverado 3500HD High Cty'))","(97, ('2019 Chevrolet Silverado 1500 High Country', 'Chevrolet Silverado 1500 High Cntry'))",3
59,"(83, ('2019 Chevrolet Silverado 1500 LT Trail Boss', 'Chevrolet Silverado 1500 LT'))","(96, ('2019 Chevrolet Silverado 1500 LT Trail Boss', 'Chevrolet Silverado 1500 LT Trail B'))","(96, ('2019 Chevrolet Silverado 1500 LT Trail Boss', 'Chevrolet Silverado 1500 Trail Boss'))",3
60,"(95, ('2019 Chevrolet Silverado 1500 WT', 'Chevrolet Silverado 1500 LTZ'))","(95, ('2019 Chevrolet Silverado 1500 WT', 'Chevrolet Silverado 1500 RST'))","(96, ('2019 Chevrolet Silverado 1500 WT', 'Chevrolet Silverado 1500 LT'))",3
61,"(89, ('2019 Chevrolet Silverado 2500 High Country', 'Chevrolet Silverado 3500HD High Cty'))","(92, ('2019 Chevrolet Silverado 2500 High Country', 'Chevrolet Silverado 2500HD High Cty'))","(94, ('2019 Chevrolet Silverado 2500 High Country', 'Chevrolet Silverado 1500 High Cntry'))",2
62,"(95, ('2019 Chevrolet Silverado 2500 LT', 'Chevrolet Silverado 2500HD LTZ'))","(96, ('2019 Chevrolet Silverado 2500 LT', 'Chevrolet Silverado 1500 LT'))","(96, ('2019 Chevrolet Silverado 2500 LT', 'Chevrolet Silverado 2500HD LT'))",3
63,"(95, ('2019 Chevrolet Silverado 2500 LTZ', 'Chevrolet Silverado 2500HD LT'))","(96, ('2019 Chevrolet Silverado 2500 LTZ', 'Chevrolet Silverado 1500 LTZ'))","(97, ('2019 Chevrolet Silverado 2500 LTZ', 'Chevrolet Silverado 2500HD LTZ'))",3
64,"(79, ('2019 Chevrolet Spark 1LT', 'Chevrolet Impala LT'))","(92, ('2019 Chevrolet Spark 1LT', 'Chevrolet Spark LS'))","(97, ('2019 Chevrolet Spark 1LT', 'Chevrolet Spark LT'))",3
65,"(82, ('2019 Chevrolet Spark 2LT', 'Chevrolet Camaro 2LT'))","(92, ('2019 Chevrolet Spark 2LT', 'Chevrolet Spark LS'))","(97, ('2019 Chevrolet Spark 2LT', 'Chevrolet Spark LT'))",3
66,"(79, ('2019 Chevrolet Spark ACTIV', 'Chevrolet Spark Active'))","(82, ('2019 Chevrolet Spark ACTIV', 'Chevrolet Spark LS'))","(87, ('2019 Chevrolet Spark ACTIV', 'Chevrolet Spark LT'))",1
67,"(90, ('2019 Chevrolet Suburban Premier', 'Chevrolet Suburban K1500 Premier'))","(91, ('2019 Chevrolet Suburban Premier', 'Chevrolet Suburban 1500 Premier'))","(93, ('2019 Chevrolet Suburban Premier', 'Chevrolet Suburban C15 Premier'))",3
68,"(85, ('2019 Chevrolet Traverse LT Cloth', 'Chevrolet Traverse LS Fleet'))","(88, ('2019 Chevrolet Traverse LT Cloth', 'Chevrolet Traverse LT'))","(89, ('2019 Chevrolet Traverse LT Cloth', 'Chevrolet Traverse LT Fleet'))",2
69,"(72, ('2019 Chevrolet Work Van', 'Chevrolet Spark LS'))","(72, ('2019 Chevrolet Work Van', 'Chevrolet Spark LT'))","(73, ('2019 Chevrolet Work Van', 'Chevrolet Sonic'))",0
70,"(75, ('2019 Dodge Charger Scat Pack', 'Dodge Charger SXT'))","(83, ('2019 Dodge Charger Scat Pack', 'Dodge Challenger R/T Scat Pack'))","(92, ('2019 Dodge Charger Scat Pack', 'Dodge Charger R/T Scat Pack'))",3
71,"(85, ('2019 Dodge Journey R/T', 'Dodge Journey SE'))","(88, ('2019 Dodge Journey R/T', 'Dodge Journey SXT'))","(91, ('2019 Dodge Journey R/T', 'Dodge Journey GT'))",3
72,"(61, ('2019 Dodge Journey SE Value Package', 'Dodge Journey GT'))","(64, ('2019 Dodge Journey SE Value Package', 'Dodge Journey SXT'))","(70, ('2019 Dodge Journey SE Value Package', 'Dodge Journey SE'))",3
73,"(65, ('2019 Dodge Limited', 'Ford Explorer Limited'))","(73, ('2019 Dodge Limited', 'Ford Flex Limited'))","(74, ('2019 Dodge Limited', 'Dodge Ram 1500 Limited'))",3
74,"(52, ('2019 FIAT 500 Pop', 'Fiat 500 Lounge'))","(72, ('2019 FIAT 500 Pop', 'Fiat 500L Pop'))","(75, ('2019 FIAT 500 Pop', 'Fiat 500 Pop'))",3
75,"(50, ('2019 FIAT 500X Pop', 'Fiat 500 Lounge'))","(69, ('2019 FIAT 500X Pop', 'Fiat 500L Pop'))","(72, ('2019 FIAT 500X Pop', 'Fiat 500 Pop'))",3
76,"(61, ('2019 Ford Base', 'Ford Escape SE'))","(61, ('2019 Ford Base', 'Ford Taurus SE'))","(64, ('2019 Ford Base', 'Ford Escape S'))",0
77,"(88, ('2019 Ford EcoSport SES', 'Ford Ecosport S'))","(91, ('2019 Ford EcoSport SES', 'Ford Ecosport SE'))","(94, ('2019 Ford EcoSport SES', 'Ford Ecosport SES'))",3
78,"(75, ('2019 Ford EcoSport Titanium', 'Ford Edge Titanium'))","(81, ('2019 Ford EcoSport Titanium', 'Ford Escape Titanium'))","(95, ('2019 Ford EcoSport Titanium', 'Ford Ecosport Titanium'))",3
79,"(81, ('2019 Ford Edge ST', 'Ford Edge Sport'))","(88, ('2019 Ford Edge ST', 'Ford Edge SEL'))","(92, ('2019 Ford Edge ST', 'Ford Edge SE'))",3
80,"(88, ('2019 Ford Expedition Max XLT', 'Ford Expedition XL'))","(90, ('2019 Ford Expedition Max XLT', 'Ford Expedition XLT'))","(91, ('2019 Ford Expedition Max XLT', 'Ford Expedition MAX XLT'))",3
81,"(89, ('2019 Ford F-150 King Ranch', 'Ford F-250 SD King Ranch'))","(89, ('2019 Ford F-150 King Ranch', 'Ford F-350 SD King Ranch'))","(89, ('2019 Ford F-150 King Ranch', 'Ford F-450 SD King Ranch'))",1
82,"(71, ('2019 Ford F-150 LARIAT', 'Ford F-250 SD XLT'))","(71, ('2019 Ford F-150 LARIAT', 'Ford F-350 SD XLT'))","(74, ('2019 Ford F-150 LARIAT', 'Ford F-150'))",3
83,"(78, ('2019 Ford F-150 Lariat', 'Ford F-250 SD Lariat OFF'))","(86, ('2019 Ford F-150 Lariat', 'Ford F-250 SD Lariat'))","(86, ('2019 Ford F-150 Lariat', 'Ford F-350 SD Lariat'))",1
84,"(80, ('2019 Ford F-150 Limited', 'Ford Flex Limited'))","(87, ('2019 Ford F-150 Limited', 'Ford F-250 SD Limited'))","(87, ('2019 Ford F-150 Limited', 'Ford F-350 SD Limited'))",1
85,"(80, ('2019 Ford F-150 Platinum', 'Ford F-250 SD Platinum OFF'))","(88, ('2019 Ford F-150 Platinum', 'Ford F-250 SD Platinum'))","(88, ('2019 Ford F-150 Platinum', 'Ford F-350 SD Platinum'))",1
86,"(83, ('2019 Ford F-150 XL', 'Ford F-350 SD XL'))","(87, ('2019 Ford F-150 XL', 'Ford F-150'))","(89, ('2019 Ford F-150 XL', 'Ford F-150 FX4'))",2
87,"(84, ('2019 Ford F-150 XLT', 'Ford F-250 SD XLT'))","(84, ('2019 Ford F-150 XLT', 'Ford F-350 SD XLT'))","(86, ('2019 Ford F-150 XLT', 'Ford F-150 FX4'))",3
88,"(89, ('2019 Ford F-250 King Ranch', 'Ford F-350 SD King Ranch'))","(89, ('2019 Ford F-250 King Ranch', 'Ford F-450 SD King Ranch'))","(93, ('2019 Ford F-250 King Ranch', 'Ford F-250 SD King Ranch'))",3
89,"(83, ('2019 Ford F-250 Lariat', 'Ford F-250 SD Lariat OFF'))","(86, ('2019 Ford F-250 Lariat', 'Ford F-350 SD Lariat'))","(92, ('2019 Ford F-250 Lariat', 'Ford F-250 SD Lariat'))",3
90,"(84, ('2019 Ford F-250 Platinum', 'Ford F-250 SD Platinum OFF'))","(88, ('2019 Ford F-250 Platinum', 'Ford F-350 SD Platinum'))","(93, ('2019 Ford F-250 Platinum', 'Ford F-250 SD Platinum'))",3
91,"(85, ('2019 Ford F-250 XL', 'Ford F-250 SD'))","(87, ('2019 Ford F-250 XL', 'Ford F-250 SD XLT'))","(90, ('2019 Ford F-250 XL', 'Ford F-250 SD XL'))",3
92,"(84, ('2019 Ford F-250 XLT', 'Ford F-350 SD XLT'))","(87, ('2019 Ford F-250 XLT', 'Ford F-250 SD XL'))","(90, ('2019 Ford F-250 XLT', 'Ford F-250 SD XLT'))",3
93,"(67, ('2019 Ford F-350 KNAPHEIDE', 'Ford F-250 SD'))","(67, ('2019 Ford F-350 KNAPHEIDE', 'Ford F-350 SD XL'))","(73, ('2019 Ford F-350 KNAPHEIDE', 'Ford F-350 SD'))",3
94,"(89, ('2019 Ford F-350 King Ranch', 'Ford F-250 SD King Ranch'))","(89, ('2019 Ford F-350 King Ranch', 'Ford F-450 SD King Ranch'))","(93, ('2019 Ford F-350 King Ranch', 'Ford F-350 SD King Ranch'))",3
95,"(78, ('2019 Ford F-350 Lariat', 'Ford F-250 SD Lariat OFF'))","(86, ('2019 Ford F-350 Lariat', 'Ford F-250 SD Lariat'))","(92, ('2019 Ford F-350 Lariat', 'Ford F-350 SD Lariat'))",3
96,"(65, ('2019 Ford F-350 Lariat Super Duty', 'Ford F-250 SD Lariat OFF'))","(67, ('2019 Ford F-350 Lariat Super Duty', 'Ford F-250 SD Lariat'))","(71, ('2019 Ford F-350 Lariat Super Duty', 'Ford F-350 SD Lariat'))",3
97,"(80, ('2019 Ford F-350 Platinum', 'Ford F-250 SD Platinum OFF'))","(88, ('2019 Ford F-350 Platinum', 'Ford F-250 SD Platinum'))","(93, ('2019 Ford F-350 Platinum', 'Ford F-350 SD Platinum'))",3
98,"(85, ('2019 Ford F-350 XL', 'Ford F-350 SD'))","(87, ('2019 Ford F-350 XL', 'Ford F-350 SD XLT'))","(90, ('2019 Ford F-350 XL', 'Ford F-350 SD XL'))",3
99,"(84, ('2019 Ford F-350 XLT', 'Ford F-250 SD XLT'))","(87, ('2019 Ford F-350 XLT', 'Ford F-350 SD XL'))","(90, ('2019 Ford F-350 XLT', 'Ford F-350 SD XLT'))",3
100,"(81, ('2019 Ford F-450 XL', 'Ford F-150 FX4'))","(83, ('2019 Ford F-450 XL', 'Ford F-250 SD XL'))","(83, ('2019 Ford F-450 XL', 'Ford F-350 SD XL'))",3
101,"(78, ('2019 Ford Fusion Hybrid SE', 'Ford Fusion SEL'))","(80, ('2019 Ford Fusion Hybrid SE', 'Ford Fusion SE'))","(84, ('2019 Ford Fusion Hybrid SE', 'Ford Fusion Plug-In Hybrid SE'))",3
102,"(72, ('2019 Ford Mustang EcoBoost', 'Ford Mustang GT'))","(73, ('2019 Ford Mustang EcoBoost', 'Ford Mustang'))","(73, ('2019 Ford Mustang EcoBoost', 'Ford Mustang Bullitt'))",2
103,"(61, ('2019 Ford Mustang EcoBoost Premium', 'Ford Mustang Bullitt'))","(81, ('2019 Ford Mustang EcoBoost Premium', 'Ford Mustang GT Premium'))","(82, ('2019 Ford Mustang EcoBoost Premium', 'Ford Mustang Premium'))",3
104,"(58, ('2019 Ford Ranger LARIAT', 'Dodge Challenger R/T'))","(58, ('2019 Ford Ranger LARIAT', 'Ford Edge SEL'))","(61, ('2019 Ford Ranger LARIAT', 'Ford Mustang GT'))",0
105,"(61, ('2019 Ford Ranger Lariat', 'Ford Edge Sport'))","(63, ('2019 Ford Ranger Lariat', 'Ford F-250 SD Lariat'))","(63, ('2019 Ford Ranger Lariat', 'Ford F-350 SD Lariat'))",0
106,"(64, ('2019 Ford Ranger STX', 'Ford Escape S'))","(67, ('2019 Ford Ranger STX', 'Ford Edge SE'))","(67, ('2019 Ford Ranger STX', 'Ford Mustang GT'))",0
107,"(62, ('2019 Ford Ranger XL', 'Ford Taurus SEL'))","(65, ('2019 Ford Ranger XL', 'Ford Explorer XLT'))","(67, ('2019 Ford Ranger XL', 'Ford Edge SEL'))",0
108,"(64, ('2019 Ford Ranger XLT', 'Ford Edge SEL'))","(67, ('2019 Ford Ranger XLT', 'Ford Mustang GT'))","(69, ('2019 Ford Ranger XLT', 'Ford Explorer XLT'))",0
109,"(58, ('2019 Ford Transit-150 Base', 'Ford F-150 Raptor'))","(62, ('2019 Ford Transit-150 Base', 'Ford Transit Connect XLT'))","(64, ('2019 Ford Transit-150 Base', 'Ford Transit Connect XL'))",0
110,"(46, ('2019 Ford Transit-250 130 WB Medium Roof Cargo', 'Ford Transit Connect XLT'))","(47, ('2019 Ford Transit-250 130 WB Medium Roof Cargo', 'Ford Transit Connect XL'))","(49, ('2019 Ford Transit-250 130 WB Medium Roof Cargo', 'Ford Transit Connect Titanium'))",0
111,"(46, ('2019 Ford Transit-250 148 WB Medium Roof Cargo', 'Ford Transit Connect XLT'))","(47, ('2019 Ford Transit-250 148 WB Medium Roof Cargo', 'Ford Transit Connect XL'))","(49, ('2019 Ford Transit-250 148 WB Medium Roof Cargo', 'Ford Transit Connect Titanium'))",0
112,"(59, ('2019 Ford Transit-250 Base', 'Ford F-250 SD'))","(62, ('2019 Ford Transit-250 Base', 'Ford Transit Connect XLT'))","(64, ('2019 Ford Transit-250 Base', 'Ford Transit Connect XL'))",0
113,"(69, ('2019 Ford Transit-350 XL', 'Ford F-350 SD XL'))","(70, ('2019 Ford Transit-350 XL', 'Ford Transit Connect XLT'))","(71, ('2019 Ford Transit-350 XL', 'Ford Transit Connect XL'))",0
114,"(60, ('2019 Ford XL', 'Ford Flex SEL'))","(61, ('2019 Ford XL', 'Ford F-250 SD XL'))","(61, ('2019 Ford XL', 'Ford F-350 SD XL'))",2
115,"(64, ('2019 Ford XLT', 'Ford Explorer XLT'))","(64, ('2019 Ford XLT', 'Ford F-250 SD XLT'))","(64, ('2019 Ford XLT', 'Ford F-350 SD XLT'))",2
116,"(75, ('2019 GMC Sierra 1500 Limited SLE', 'GMC Sierra 3500HD SLE'))","(78, ('2019 GMC Sierra 1500 Limited SLE', 'GMC Sierra 1500 SLT'))","(83, ('2019 GMC Sierra 1500 Limited SLE', 'GMC Sierra 1500 SLE'))",3
117,"(90, ('2019 GMC Sierra 2500 SLT', 'GMC Sierra 3500HD SLT'))","(95, ('2019 GMC Sierra 2500 SLT', 'GMC Sierra 1500 SLT'))","(95, ('2019 GMC Sierra 2500 SLT', 'GMC Sierra 2500HD SLT'))",3
118,"(52, ('2019 GMC Work Van', 'GMC Terrain SLT'))","(54, ('2019 GMC Work Van', 'GMC Terrain SL'))","(55, ('2019 GMC Work Van', 'GMC Canyon'))",0
119,"(67, ('2019 Genesis G80 3.3T Sport', 'Genesis G80'))","(87, ('2019 Genesis G80 3.3T Sport', 'Genesis G80 Sport'))","(90, ('2019 Genesis G80 3.3T Sport', 'Genesis G80T Sport'))",3
120,"(73, ('2019 Genesis G80 3.8', 'Genesis G80T Sport'))","(75, ('2019 Genesis G80 3.8', 'Genesis G80 Sport'))","(85, ('2019 Genesis G80 3.8', 'Genesis G80'))",3
121,"(81, ('2019 Honda Accord EX-L 2.0T', 'Honda Accord EX'))","(82, ('2019 Honda Accord EX-L 2.0T', 'Honda Accord EX-L Navi'))","(87, ('2019 Honda Accord EX-L 2.0T', 'Honda Accord EX-L'))",3
122,"(76, ('2019 Honda Accord Hybrid', 'Honda Accord Sport'))","(77, ('2019 Honda Accord Hybrid', 'Honda Accord'))","(77, ('2019 Honda Accord Hybrid', 'Honda Accord Touring'))",2
123,"(76, ('2019 Honda Accord Hybrid EX', 'Honda Accord LX'))","(77, ('2019 Honda Accord Hybrid EX', 'Honda Accord EX-L'))","(81, ('2019 Honda Accord Hybrid EX', 'Honda Accord EX'))",3
124,"(74, ('2019 Honda Accord Hybrid EX-L', 'Honda Accord EX-L Navi'))","(77, ('2019 Honda Accord Hybrid EX-L', 'Honda Accord EX'))","(83, ('2019 Honda Accord Hybrid EX-L', 'Honda Accord EX-L'))",3
125,"(67, ('2019 Honda Accord Hybrid Touring', 'Honda HR-V Touring'))","(67, ('2019 Honda Accord Hybrid Touring', 'Honda Odyssey Touring'))","(85, ('2019 Honda Accord Hybrid Touring', 'Honda Accord Touring'))",3
126,"(69, ('2019 Honda Accord Sport 1.5T', 'Honda Accord'))","(70, ('2019 Honda Accord Sport 1.5T', 'Honda Accord Touring'))","(88, ('2019 Honda Accord Sport 1.5T', 'Honda Accord Sport'))",3
127,"(69, ('2019 Honda Accord Sport 2.0T', 'Honda Accord'))","(70, ('2019 Honda Accord Sport 2.0T', 'Honda Accord Touring'))","(88, ('2019 Honda Accord Sport 2.0T', 'Honda Accord Sport'))",3
128,"(68, ('2019 Honda Accord Touring 2.0T', 'Honda Civic Touring'))","(70, ('2019 Honda Accord Touring 2.0T', 'Honda Accord Sport'))","(89, ('2019 Honda Accord Touring 2.0T', 'Honda Accord Touring'))",3
129,"(81, ('2019 Honda Civic EX-L Navi', 'Honda Civic EX-T'))","(85, ('2019 Honda Civic EX-L Navi', 'Honda Fit EX-L Navi'))","(86, ('2019 Honda Civic EX-L Navi', 'Honda Civic EX-L'))",3
130,"(62, ('2019 Honda Clarity Plug-In Hybrid Base', 'Kia Optima Plug-In Hybrid EX'))","(63, ('2019 Honda Clarity Plug-In Hybrid Base', 'Honda Clarity Touring'))","(65, ('2019 Honda Clarity Plug-In Hybrid Base', 'Ford Fusion Plug-In Hybrid SE'))",0
131,"(73, ('2019 Honda Passport EX-L', 'Honda Fit EX-L'))","(73, ('2019 Honda Passport EX-L', 'Honda Pilot EX'))","(80, ('2019 Honda Passport EX-L', 'Honda Pilot EX-L'))",0
132,"(65, ('2019 Honda Passport Elite', 'Honda Pilot EX'))","(72, ('2019 Honda Passport Elite', 'Honda Odyssey Elite'))","(81, ('2019 Honda Passport Elite', 'Honda Pilot Elite'))",0
133,"(67, ('2019 Honda Passport Sport', 'Honda HR-V Sport'))","(74, ('2019 Honda Passport Sport', 'Honda Accord Sport'))","(74, ('2019 Honda Passport Sport', 'Honda Fit Sport'))",0
134,"(77, ('2019 Honda Passport Touring', 'Honda Civic Sport Touring'))","(77, ('2019 Honda Passport Touring', 'Honda Pilot EX Touring'))","(79, ('2019 Honda Passport Touring', 'Honda Clarity Touring'))",0
135,"(74, ('2019 Hyundai Ioniq Hybrid Limited', 'Hyundai Ioniq Limited Plug-In'))","(75, ('2019 Hyundai Ioniq Hybrid Limited', 'Hyundai Kona Limited'))","(86, ('2019 Hyundai Ioniq Hybrid Limited', 'Hyundai Ioniq Limited'))",3
136,"(70, ('2019 Hyundai Ioniq Hybrid SEL', 'Hyundai Kona SEL'))","(71, ('2019 Hyundai Ioniq Hybrid SEL', 'Hyundai Ioniq Limited'))","(83, ('2019 Hyundai Ioniq Hybrid SEL', 'Hyundai Ioniq SEL'))",3
137,"(67, ('2019 Hyundai Kona Iron Man', 'Hyundai Sonata Eco'))","(70, ('2019 Hyundai Kona Iron Man', 'Hyundai Kona SEL'))","(72, ('2019 Hyundai Kona Iron Man', 'Hyundai Kona SE'))",0
138,"(81, ('2019 Hyundai Sonata Limited 2.0T', 'Hyundai Kona Limited'))","(81, ('2019 Hyundai Sonata Limited 2.0T', 'Hyundai Sonata Limited Plug-In'))","(90, ('2019 Hyundai Sonata Limited 2.0T', 'Hyundai Sonata Limited'))",3
139,"(36, ('2019 INFINITI QX50 ESSENTIAL', 'Ford F-250 SD XL'))","(36, ('2019 INFINITI QX50 ESSENTIAL', 'Ford F-350 SD XL'))","(36, ('2019 INFINITI QX50 ESSENTIAL', 'Nissan NV3500 SL'))",0
140,"(51, ('2019 INFINITI QX50 Luxe', 'Infiniti Q60 Luxe'))","(51, ('2019 INFINITI QX50 Luxe', 'Infiniti Q70 Luxe'))","(57, ('2019 INFINITI QX50 Luxe', 'Infiniti Q50 Luxe'))",3
141,"(46, ('2019 INFINITI QX50 Pure', 'Infiniti Q50 Luxe'))","(47, ('2019 INFINITI QX50 Pure', 'Infiniti Q50 Premium'))","(51, ('2019 INFINITI QX50 Pure', 'Infiniti Q60 Pure'))",3
142,"(83, ('2019 Jaguar XJ XJL Portfolio', 'Jaguar XE 35t Portfolio'))","(87, ('2019 Jaguar XJ XJL Portfolio', 'Jaguar XJL Portfolio 50'))","(93, ('2019 Jaguar XJ XJL Portfolio', 'Jaguar XJL Portfolio'))",3
143,"(72, ('2019 Jeep Compass Altitude', 'Jeep Compass Sport'))","(78, ('2019 Jeep Compass Altitude', 'Jeep Compass Limited'))","(90, ('2019 Jeep Compass Altitude', 'Jeep Compass Latitude'))",0
144,"(81, ('2019 Jeep Grand Cherokee Trackhawk', 'Jeep Cherokee Trailhawk'))","(81, ('2019 Jeep Grand Cherokee Trackhawk', 'Jeep Grand Cherokee SRT'))","(93, ('2019 Jeep Grand Cherokee Trackhawk', 'Jeep Grand Cherokee Trailhawk'))",0
145,"(68, ('2019 Kia Niro EV EX Premium', 'Kia Stinger Premium'))","(84, ('2019 Kia Niro EV EX Premium', 'Kia Niro Premium'))","(93, ('2019 Kia Niro EV EX Premium', 'Kia Niro EX Premium'))",3
146,"(59, ('2019 Kia Niro Plug-In Hybrid EX', 'Kia Niro EX'))","(73, ('2019 Kia Niro Plug-In Hybrid EX', 'Ford Fusion Plug-In Hybrid SE'))","(85, ('2019 Kia Niro Plug-In Hybrid EX', 'Kia Optima Plug-In Hybrid EX'))",1
147,"(64, ('2019 Kia Niro Plug-In Hybrid EX Premium', 'Kia Niro Premium'))","(72, ('2019 Kia Niro Plug-In Hybrid EX Premium', 'Kia Niro EX Premium'))","(74, ('2019 Kia Niro Plug-In Hybrid EX Premium', 'Kia Optima Plug-In Hybrid EX'))",3
148,"(59, ('2019 Kia Niro Plug-In Hybrid LX', 'Kia Niro LX'))","(69, ('2019 Kia Niro Plug-In Hybrid LX', 'Ford Fusion Plug-In Hybrid SE'))","(81, ('2019 Kia Niro Plug-In Hybrid LX', 'Kia Optima Plug-In Hybrid EX'))",1
149,"(89, ('2019 Kia Sorento S', 'Kia Sorento LX'))","(92, ('2019 Kia Sorento S', 'Kia Sorento L'))","(96, ('2019 Kia Sorento S', 'Kia Sorento SX'))",3
150,"(88, ('2019 Lexus ES 300h', 'Lexus GS 300'))","(88, ('2019 Lexus ES 300h', 'Lexus IS 300'))","(92, ('2019 Lexus ES 300h', 'Lexus ES 300H'))",3
151,"(73, ('2019 Lexus ES 300h Base', 'Lexus IS 300'))","(75, ('2019 Lexus ES 300h Base', 'Lexus ES 350 S'))","(77, ('2019 Lexus ES 300h Base', 'Lexus ES 300H'))",3
152,"(73, ('2019 Lexus ES 300h Luxury', 'Lexus ES 300H'))","(77, ('2019 Lexus ES 300h Luxury', 'Lexus GX 460 Luxury'))","(80, ('2019 Lexus ES 300h Luxury', 'Lexus RX 350L Luxury'))",1
153,"(76, ('2019 Lexus RX 350 Base', 'Lexus RC 350'))","(80, ('2019 Lexus RX 350 Base', 'Lexus RX 350L'))","(83, ('2019 Lexus RX 350 Base', 'Lexus RX 350'))",3
154,"(73, ('2019 Lexus RX 350L Premium', 'Lexus RX 350L Luxury'))","(76, ('2019 Lexus RX 350L Premium', 'Lexus RX 350L'))","(83, ('2019 Lexus RX 350L Premium', 'Lexus GX 460 Premium'))",2
155,"(73, ('2019 Lexus RX 450h Base', 'Lexus RX 350'))","(75, ('2019 Lexus RX 450h Base', 'Lexus RX 450HL'))","(77, ('2019 Lexus RX 450h Base', 'Lexus RX 450H'))",3
156,"(77, ('2019 Lexus UX 250h', 'Lexus RX 450H'))","(80, ('2019 Lexus UX 250h', 'Lexus LX 570'))","(80, ('2019 Lexus UX 250h', 'Lexus RX 350'))",0
157,"(65, ('2019 Lexus UX 250h Base', 'Lexus RX 450H'))","(67, ('2019 Lexus UX 250h Base', 'Lexus LX 570'))","(67, ('2019 Lexus UX 250h Base', 'Lexus RX 350'))",0
158,"(75, ('2019 Lincoln MKZ Hybrid Reserve II', 'Lincoln MKT Reserve'))","(75, ('2019 Lincoln MKZ Hybrid Reserve II', 'Lincoln MKX Reserve'))","(79, ('2019 Lincoln MKZ Hybrid Reserve II', 'Lincoln MKZ Reserve'))",3
159,"(90, ('2019 Lincoln MKZ Reserve I', 'Lincoln MKT Reserve'))","(90, ('2019 Lincoln MKZ Reserve I', 'Lincoln MKX Reserve'))","(95, ('2019 Lincoln MKZ Reserve I', 'Lincoln MKZ Reserve'))",3
160,"(53, ('2019 MINI Convertible Cooper', 'Mini Cooper JCW'))","(56, ('2019 MINI Convertible Cooper', 'Mini Cooper S'))","(59, ('2019 MINI Convertible Cooper', 'Mini Cooper'))",3
161,"(50, ('2019 MINI Hardtop Cooper S', 'Mini Cooper'))","(50, ('2019 MINI Hardtop Cooper S', 'Mini Cooper JCW'))","(59, ('2019 MINI Hardtop Cooper S', 'Mini Cooper S'))",3
162,"(43, ('2019 Maserati Levante Base', 'Hyundai Santa Fe Ultimate'))","(43, ('2019 Maserati Levante Base', 'Mercedes Metris Passenger'))","(46, ('2019 Maserati Levante Base', 'GMC Terrain Denali'))",0
163,"(82, ('2019 Mazda CX-5 Grand Touring Reserve', 'Mazda CX-3 Grand Touring'))","(82, ('2019 Mazda CX-5 Grand Touring Reserve', 'Mazda CX-9 Grand Touring'))","(86, ('2019 Mazda CX-5 Grand Touring Reserve', 'Mazda CX-5 Grand Touring'))",3
164,"(68, ('2019 Mazda CX-5 Signature', 'Mazda MX-5 Miata Touring'))","(72, ('2019 Mazda CX-5 Signature', 'Mazda CX-5 Sport'))","(95, ('2019 Mazda CX-5 Signature', 'Mazda CX-9 Signature'))",0
165,"(52, ('2019 Mazda Mazda3 FWD w/Preferred Package', 'Mazda Mazda3 Sport'))","(54, ('2019 Mazda Mazda3 FWD w/Preferred Package', 'Mazda Mazda3 Touring'))","(55, ('2019 Mazda Mazda3 FWD w/Preferred Package', 'Mazda Mazda3 Grand Touring'))",0
166,"(54, ('2019 Mazda Mazda3 FWD w/Premium Package', 'Mazda Mazda3 Sport'))","(57, ('2019 Mazda Mazda3 FWD w/Premium Package', 'Mazda Mazda3 Grand Touring'))","(59, ('2019 Mazda Mazda3 FWD w/Premium Package', 'Mazda Mazda3 Touring'))",0
167,"(51, ('2019 Mazda Mazda3 FWD w/Select Package', 'Mazda Mazda3 Grand Touring'))","(53, ('2019 Mazda Mazda3 FWD w/Select Package', 'Mazda Mazda3 Touring'))","(59, ('2019 Mazda Mazda3 FWD w/Select Package', 'Mazda Mazda3 Sport'))",0
168,"(82, ('2019 Mazda Mazda6 Grand Touring', 'Mazda MX-5 Miata Grand Touring'))","(83, ('2019 Mazda Mazda6 Grand Touring', 'Mazda Mazda3 Touring'))","(96, ('2019 Mazda Mazda6 Grand Touring', 'Mazda Mazda3 Grand Touring'))",0
169,"(70, ('2019 Mazda Mazda6 Grand Touring Reserve', 'Mazda Mazda3 Touring'))","(72, ('2019 Mazda Mazda6 Grand Touring Reserve', 'Mazda MX-5 Miata Grand Touring'))","(83, ('2019 Mazda Mazda6 Grand Touring Reserve', 'Mazda Mazda3 Grand Touring'))",0
170,"(77, ('2019 Mazda Mazda6 Touring', 'Mazda MX-5 Miata Touring'))","(83, ('2019 Mazda Mazda6 Touring', 'Mazda Mazda3 Grand Touring'))","(95, ('2019 Mazda Mazda6 Touring', 'Mazda Mazda3 Touring'))",0
171,"(67, ('2019 Mercedes-Benz CLS 450 Base', 'Mercedes S450'))","(68, ('2019 Mercedes-Benz CLS 450 Base', 'Mercedes CLS550'))","(71, ('2019 Mercedes-Benz CLS 450 Base', 'Mercedes CLS450 4Matic'))",3
172,"(71, ('2019 Mercedes-Benz E 300', 'Mercedes GLE350'))","(74, ('2019 Mercedes-Benz E 300', 'Mercedes SLC 300'))","(75, ('2019 Mercedes-Benz E 300', 'Mercedes C300'))",0
173,"(79, ('2019 Mercedes-Benz E 300 4MATIC', 'Mercedes GLE350 4MATIC'))","(79, ('2019 Mercedes-Benz E 300 4MATIC', 'Mercedes GLE400 4MATIC'))","(83, ('2019 Mercedes-Benz E 300 4MATIC', 'Mercedes C300 4MATIC'))",0
174,"(75, ('2019 Mercedes-Benz GLS 450 Base 4MATIC', 'Mercedes S450 4MATIC'))","(76, ('2019 Mercedes-Benz GLS 450 Base 4MATIC', 'Mercedes GLS550 4MATIC'))","(80, ('2019 Mercedes-Benz GLS 450 Base 4MATIC', 'Mercedes GLS450 4MATIC'))",3
175,"(67, ('2019 Mercedes-Benz SL 450 Base', 'Mercedes SL550'))","(68, ('2019 Mercedes-Benz SL 450 Base', 'Mercedes S450'))","(72, ('2019 Mercedes-Benz SL 450 Base', 'Mercedes SL450'))",3
176,"(45, ('2019 Mercedes-Benz Sprinter 1500 Standard Roof', 'Mercedes Metris Passenger'))","(46, ('2019 Mercedes-Benz Sprinter 1500 Standard Roof', 'Mercedes SLC 300'))","(48, ('2019 Mercedes-Benz Sprinter 1500 Standard Roof', 'Mercedes Metris Passenger Work'))",0
177,"(50, ('2019 Mercedes-Benz Sprinter 2500 High Roof', 'Chevrolet Silverado 1500 High Cntry'))","(50, ('2019 Mercedes-Benz Sprinter 2500 High Roof', 'Chevrolet Silverado 3500HD High Cty'))","(53, ('2019 Mercedes-Benz Sprinter 2500 High Roof', 'Chevrolet Silverado 2500HD High Cty'))",0
178,"(45, ('2019 Mercedes-Benz Sprinter 2500 Standard Roof', 'Mercedes Metris Passenger'))","(46, ('2019 Mercedes-Benz Sprinter 2500 Standard Roof', 'Mercedes SLC 300'))","(48, ('2019 Mercedes-Benz Sprinter 2500 Standard Roof', 'Mercedes Metris Passenger Work'))",0
179,"(50, ('2019 Mercedes-Benz Sprinter 3500 High Roof', 'Chevrolet Silverado 2500HD High Cty'))","(53, ('2019 Mercedes-Benz Sprinter 3500 High Roof', 'Chevrolet Silverado 3500HD High Cty'))","(53, ('2019 Mercedes-Benz Sprinter 3500 High Roof', 'Mercedes SLC 300'))",0
180,"(45, ('2019 Mercedes-Benz Sprinter 3500XD Standard Roof', 'GMC Sierra 3500HD Denali'))","(47, ('2019 Mercedes-Benz Sprinter 3500XD Standard Roof', 'Mercedes Metris Passenger Work'))","(47, ('2019 Mercedes-Benz Sprinter 3500XD Standard Roof', 'Mercedes SLC 300'))",0
181,"(86, ('2019 Mitsubishi Outlander PHEV GT', 'Mitsubishi Outlander LE'))","(86, ('2019 Mitsubishi Outlander PHEV GT', 'Mitsubishi Outlander SE'))","(90, ('2019 Mitsubishi Outlander PHEV GT', 'Mitsubishi Outlander GT'))",3
182,"(88, ('2019 Mitsubishi Outlander PHEV SEL', 'Mitsubishi Outlander ES'))","(88, ('2019 Mitsubishi Outlander PHEV SEL', 'Mitsubishi Outlander SE'))","(91, ('2019 Mitsubishi Outlander PHEV SEL', 'Mitsubishi Outlander SEL'))",3
183,"(95, ('2019 Mitsubishi Outlander Sport', 'Mitsubishi Outlander Sport GT'))","(95, ('2019 Mitsubishi Outlander Sport', 'Mitsubishi Outlander Sport LE'))","(95, ('2019 Mitsubishi Outlander Sport', 'Mitsubishi Outlander Sport SE'))",0
184,"(81, ('2019 Nissan Leaf S PLUS', 'Nissan Leaf SV'))","(84, ('2019 Nissan Leaf S PLUS', 'Nissan Leaf S'))","(88, ('2019 Nissan Leaf S PLUS', 'Nissan Leaf SL'))",2
185,"(79, ('2019 Nissan Leaf SL PLUS', 'Nissan Leaf SV'))","(81, ('2019 Nissan Leaf SL PLUS', 'Nissan Leaf S'))","(85, ('2019 Nissan Leaf SL PLUS', 'Nissan Leaf SL'))",3
186,"(85, ('2019 Nissan Maxima 3.5 SL', 'Nissan Altima 3.5 SL'))","(86, ('2019 Nissan Maxima 3.5 SL', 'Nissan Maxima S'))","(89, ('2019 Nissan Maxima 3.5 SL', 'Nissan Maxima SL'))",3
187,"(83, ('2019 Nissan Maxima 3.5 SV', 'Nissan Maxima SR'))","(86, ('2019 Nissan Maxima 3.5 SV', 'Nissan Maxima S'))","(89, ('2019 Nissan Maxima 3.5 SV', 'Nissan Maxima SV'))",3
188,"(65, ('2019 Nissan NV Cargo NV1500 S V6', 'Nissan NV3500 SL'))","(67, ('2019 Nissan NV Cargo NV1500 S V6', 'Nissan NV3500 S'))","(70, ('2019 Nissan NV Cargo NV1500 S V6', 'Nissan NV3500 SV'))",0
189,"(64, ('2019 Nissan NV Cargo NV3500 HD SV V8', 'Nissan NV3500 SL'))","(65, ('2019 Nissan NV Cargo NV3500 HD SV V8', 'Nissan NV3500 S'))","(68, ('2019 Nissan NV Cargo NV3500 HD SV V8', 'Nissan NV3500 SV'))",3
190,"(87, ('2019 Nissan NV200 S', 'Nissan NV3500 SL'))","(87, ('2019 Nissan NV200 S', 'Nissan NV3500 SV'))","(90, ('2019 Nissan NV200 S', 'Nissan NV3500 S'))",0
191,"(67, ('2019 Nissan Titan XD Platinum Reserve', 'Nissan Titan XD Pro-4x'))","(86, ('2019 Nissan Titan XD Platinum Reserve', 'Nissan Titan XD Platinum'))","(95, ('2019 Nissan Titan XD Platinum Reserve', 'Nissan Titan Platinum Reserve'))",3
192,"(95, ('2019 Nissan Versa 1.6 S+', 'Nissan Versa 1.6 SL'))","(95, ('2019 Nissan Versa 1.6 S+', 'Nissan Versa 1.6 SV'))","(97, ('2019 Nissan Versa 1.6 S+', 'Nissan Versa 1.6 S'))",3
193,"(85, ('2019 Nissan Versa S', 'Nissan Versa 1.6 SL'))","(85, ('2019 Nissan Versa S', 'Nissan Versa 1.6 SV'))","(88, ('2019 Nissan Versa S', 'Nissan Versa 1.6 S'))",3
194,"(84, ('2019 Nissan Versa SV', 'Nissan Sentra SV'))","(85, ('2019 Nissan Versa SV', 'Nissan Versa 1.6 S'))","(88, ('2019 Nissan Versa SV', 'Nissan Versa 1.6 SV'))",3
195,"(82, ('2019 Porsche Cayenne Base', 'Porsche Cayenne GTS'))","(86, ('2019 Porsche Cayenne Base', 'Porsche Cayenne'))","(86, ('2019 Porsche Cayenne Base', 'Porsche Cayenne S'))",2
196,"(50, ('2019 RAM 1500 Big Horn', 'Dodge Ram 1500 Laramie Longhorn'))","(55, ('2019 RAM 1500 Big Horn', 'Dodge Ram 1500 Longhorn'))","(75, ('2019 RAM 1500 Big Horn', 'Dodge Ram 1500 Big Horn'))",3
197,"(43, ('2019 RAM 1500 Classic Express', 'Dodge Ram 1500 Laramie'))","(45, ('2019 RAM 1500 Classic Express', 'BMW M550i xDrive'))","(61, ('2019 RAM 1500 Classic Express', 'Dodge Ram 1500 Express'))",3
198,"(49, ('2019 RAM 1500 Classic SLT', 'GMC Yukon XL 1500 SLT'))","(51, ('2019 RAM 1500 Classic SLT', 'GMC Sierra 1500 SLT'))","(53, ('2019 RAM 1500 Classic SLT', 'Dodge Ram 1500 SLT'))",3
199,"(46, ('2019 RAM 1500 Classic Tradesman', 'Dodge Ram 1500 Laramie'))","(46, ('2019 RAM 1500 Classic Tradesman', 'Dodge Ram 1500 Outdoorsman'))","(64, ('2019 RAM 1500 Classic Tradesman', 'Dodge Ram 1500 Tradesman'))",3
200,"(44, ('2019 RAM 1500 Classic Warlock', 'Fiat 500 C Abarth'))","(45, ('2019 RAM 1500 Classic Warlock', 'GMC Sierra 1500 Elevation'))","(46, ('2019 RAM 1500 Classic Warlock', 'Fiat 124 Spider Classica'))",0
201,"(58, ('2019 RAM 1500 Laramie', 'Dodge Ram 1500 Limited'))","(60, ('2019 RAM 1500 Laramie', 'Dodge Ram 1500 Laramie Longhorn'))","(74, ('2019 RAM 1500 Laramie', 'Dodge Ram 1500 Laramie'))",3
202,"(59, ('2019 RAM 1500 Limited', 'Ford F-350 SD Limited'))","(61, ('2019 RAM 1500 Limited', 'Chrysler 300 Limited'))","(74, ('2019 RAM 1500 Limited', 'Dodge Ram 1500 Limited'))",3
203,"(45, ('2019 RAM 1500 Rebel', 'Dodge Ram 1500 ST'))","(50, ('2019 RAM 1500 Rebel', 'GMC Sierra 1500 Denali'))","(71, ('2019 RAM 1500 Rebel', 'Dodge Ram 1500 Rebel'))",3
204,"(50, ('2019 RAM 1500 Tradesman', 'Fiat 500L Trekking'))","(55, ('2019 RAM 1500 Tradesman', 'Dodge Ram 1500 Outdoorsman'))","(76, ('2019 RAM 1500 Tradesman', 'Dodge Ram 1500 Tradesman'))",3
205,"(47, ('2019 RAM 2500 Big Horn', 'BMW 530e iPerformance'))","(50, ('2019 RAM 2500 Big Horn', 'Dodge Ram 1500 Longhorn'))","(70, ('2019 RAM 2500 Big Horn', 'Dodge Ram 1500 Big Horn'))",0
206,"(53, ('2019 RAM 2500 Laramie', 'Dodge Ram 1500 Limited'))","(55, ('2019 RAM 2500 Laramie', 'Dodge Ram 1500 Laramie Longhorn'))","(68, ('2019 RAM 2500 Laramie', 'Dodge Ram 1500 Laramie'))",0
207,"(61, ('2019 RAM 2500 Limited', 'Chrysler 300 Limited'))","(65, ('2019 RAM 2500 Limited', 'Ford F-250 SD Limited'))","(68, ('2019 RAM 2500 Limited', 'Dodge Ram 1500 Limited'))",0
208,"(58, ('2019 RAM 2500 Longhorn', 'Dodge Ram 1500 Laramie Longhorn'))","(61, ('2019 RAM 2500 Longhorn', 'Dodge Ram 1500 Longhorn Sport'))","(70, ('2019 RAM 2500 Longhorn', 'Dodge Ram 1500 Longhorn'))",0
209,"(44, ('2019 RAM 2500 Power Wagon', 'GMC Sierra 1500 Elevation'))","(47, ('2019 RAM 2500 Power Wagon', 'Dodge Ram 1500 Longhorn'))","(49, ('2019 RAM 2500 Power Wagon', 'BMW 530e iPerformance'))",0
210,"(50, ('2019 RAM 2500 Tradesman', 'Dodge Ram 1500 Outdoorsman'))","(50, ('2019 RAM 2500 Tradesman', 'Fiat 500L Trekking'))","(71, ('2019 RAM 2500 Tradesman', 'Dodge Ram 1500 Tradesman'))",0
211,"(47, ('2019 RAM 3500 Big Horn', 'BMW 530e iPerformance'))","(50, ('2019 RAM 3500 Big Horn', 'Dodge Ram 1500 Longhorn'))","(70, ('2019 RAM 3500 Big Horn', 'Dodge Ram 1500 Big Horn'))",0
212,"(53, ('2019 RAM 3500 Laramie', 'Dodge Ram 1500 Limited'))","(55, ('2019 RAM 3500 Laramie', 'Dodge Ram 1500 Laramie Longhorn'))","(68, ('2019 RAM 3500 Laramie', 'Dodge Ram 1500 Laramie'))",0
213,"(65, ('2019 RAM 3500 Limited', 'Ford F-350 SD Limited'))","(67, ('2019 RAM 3500 Limited', 'Chrysler 300 Limited'))","(68, ('2019 RAM 3500 Limited', 'Dodge Ram 1500 Limited'))",0
214,"(53, ('2019 RAM 3500 Lone Star', 'Fiat 500L Lounge'))","(55, ('2019 RAM 3500 Lone Star', 'Fiat 500 Lounge'))","(63, ('2019 RAM 3500 Lone Star', 'Dodge Ram 1500 Lonestar'))",0
215,"(58, ('2019 RAM 3500 Longhorn', 'Dodge Ram 1500 Laramie Longhorn'))","(61, ('2019 RAM 3500 Longhorn', 'Dodge Ram 1500 Longhorn Sport'))","(70, ('2019 RAM 3500 Longhorn', 'Dodge Ram 1500 Longhorn'))",0
216,"(50, ('2019 RAM 3500 Tradesman', 'Dodge Ram 1500 Outdoorsman'))","(50, ('2019 RAM 3500 Tradesman', 'Fiat 500L Trekking'))","(71, ('2019 RAM 3500 Tradesman', 'Dodge Ram 1500 Tradesman'))",0
217,"(38, ('2019 RAM High Roof', 'Mini Cooper S'))","(39, ('2019 RAM High Roof', 'Acura MDX Tech RES'))","(42, ('2019 RAM High Roof', 'Mini Cooper'))",0
218,"(43, ('2019 RAM Laramie', 'Dodge Ram 1500 Laramie Longhorn'))","(47, ('2019 RAM Laramie', 'Toyota RAV4 Limited'))","(55, ('2019 RAM Laramie', 'Dodge Ram 1500 Laramie'))",3
219,"(47, ('2019 RAM Longhorn', 'Dodge Ram 1500 Laramie Longhorn'))","(49, ('2019 RAM Longhorn', 'Dodge Ram 1500 Longhorn Sport'))","(57, ('2019 RAM Longhorn', 'Dodge Ram 1500 Longhorn'))",3
220,"(34, ('2019 RAM Low Roof', 'Mercedes AMG GT R'))","(35, ('2019 RAM Low Roof', 'Mini Cooper'))","(36, ('2019 RAM Low Roof', 'Audi TT RS'))",0
221,"(48, ('2019 RAM ProMaster 1500 Base', 'GMC Sierra 1500 SLE'))","(48, ('2019 RAM ProMaster 1500 Base', 'GMC Sierra 1500 SLT'))","(49, ('2019 RAM ProMaster 1500 Base', 'GMC Sierra 1500 Denali'))",0
222,"(47, ('2019 RAM ProMaster 1500 Low Roof', 'Dodge Ram Promaster City SLT'))","(48, ('2019 RAM ProMaster 1500 Low Roof', 'GMC Sierra 1500 SLE'))","(48, ('2019 RAM ProMaster 1500 Low Roof', 'GMC Sierra 1500 SLT'))",0
223,"(48, ('2019 RAM ProMaster 2500 High Roof', 'Chevrolet Silverado 1500 High Cntry'))","(48, ('2019 RAM ProMaster 2500 High Roof', 'Chevrolet Silverado 3500HD High Cty'))","(51, ('2019 RAM ProMaster 2500 High Roof', 'Chevrolet Silverado 2500HD High Cty'))",0
224,"(48, ('2019 RAM ProMaster 3500 High Roof', 'Chevrolet Silverado 1500 High Cntry'))","(48, ('2019 RAM ProMaster 3500 High Roof', 'Chevrolet Silverado 2500HD High Cty'))","(51, ('2019 RAM ProMaster 3500 High Roof', 'Chevrolet Silverado 3500HD High Cty'))",0
225,"(41, ('2019 RAM ProMaster 3500 Window Van High Roof', 'Ford F-350 SD King Ranch'))","(41, ('2019 RAM ProMaster 3500 Window Van High Roof', 'GMC Sierra 3500HD Denali'))","(43, ('2019 RAM ProMaster 3500 Window Van High Roof', 'Chevrolet Silverado 3500HD High Cty'))",0
226,"(50, ('2019 RAM ProMaster City Tradesman', 'Dodge Ram 1500 Tradesman'))","(61, ('2019 RAM ProMaster City Tradesman', 'Dodge Ram Promaster City SLT'))","(62, ('2019 RAM ProMaster City Tradesman', 'Dodge Ram Promaster City ST'))",0
227,"(47, ('2019 Rolls-Royce Phantom', 'Porsche Panamera 4S'))","(49, ('2019 Rolls-Royce Phantom', 'Porsche Panamera 4'))","(49, ('2019 Rolls-Royce Phantom', 'Porsche Panamera S'))",0
228,"(77, ('2019 Subaru Crosstrek 2.0i Limited', 'Subaru Forester 2.5I Limited'))","(91, ('2019 Subaru Crosstrek 2.0i Limited', 'Subaru Crosstrek Limited'))","(92, ('2019 Subaru Crosstrek 2.0i Limited', 'Subaru XV Crosstrek 2.0I Limited'))",2
229,"(79, ('2019 Subaru Crosstrek 2.0i Premium', 'Subaru Forester 2.0XT Premium'))","(91, ('2019 Subaru Crosstrek 2.0i Premium', 'Subaru Crosstrek Premium'))","(92, ('2019 Subaru Crosstrek 2.0i Premium', 'Subaru XV Crosstrek 2.0I Premium'))",2
230,"(77, ('2019 Subaru Impreza 2.0i Sport', 'Subaru Impreza 2.0I Premium'))","(82, ('2019 Subaru Impreza 2.0i Sport', 'Subaru Impreza 2.0I'))","(96, ('2019 Subaru Impreza 2.0i Sport', 'Subaru Impreza 2.0I Sport'))",3
231,"(79, ('2019 Subaru Legacy 2.5i Limited', 'Subaru Outback 2.5I Limited'))","(88, ('2019 Subaru Legacy 2.5i Limited', 'Subaru Legacy 3.6R Limited'))","(96, ('2019 Subaru Legacy 2.5i Limited', 'Subaru Legacy 2.5I Limited'))",3
232,"(79, ('2019 Subaru Outback 2.5i Limited', 'Subaru Legacy 2.5I Limited'))","(89, ('2019 Subaru Outback 2.5i Limited', 'Subaru Outback 3.6R Limited'))","(96, ('2019 Subaru Outback 2.5i Limited', 'Subaru Outback 2.5I Limited'))",3
233,"(63, ('2019 Toyota 4Runner Limited Nightshade', 'Toyota Sienna Limited'))","(67, ('2019 Toyota 4Runner Limited Nightshade', 'Toyota Tundra Limited'))","(80, ('2019 Toyota 4Runner Limited Nightshade', 'Toyota 4Runner Limited'))",3
234,"(78, ('2019 Toyota Camry Hybrid LE', 'Toyota Camry L'))","(79, ('2019 Toyota Camry Hybrid LE', 'Toyota Camry XLE'))","(81, ('2019 Toyota Camry Hybrid LE', 'Toyota Camry LE'))",3
235,"(77, ('2019 Toyota Camry Hybrid XLE', 'Toyota Camry XSE'))","(79, ('2019 Toyota Camry Hybrid XLE', 'Toyota Camry LE'))","(82, ('2019 Toyota Camry Hybrid XLE', 'Toyota Camry XLE'))",3
236,"(72, ('2019 Toyota Highlander Hybrid Limited', 'Toyota Highlander XLE'))","(73, ('2019 Toyota Highlander Hybrid Limited', 'Toyota Highlander LE'))","(88, ('2019 Toyota Highlander Hybrid Limited', 'Toyota Highlander Limited'))",3
237,"(70, ('2019 Toyota Highlander Hybrid Limited Platinum', 'Toyota Highlander LE Plus'))","(76, ('2019 Toyota Highlander Hybrid Limited Platinum', 'Toyota Highlander Limited'))","(85, ('2019 Toyota Highlander Hybrid Limited Platinum', 'Toyota Highlander Ltd Platinum'))",3
238,"(79, ('2019 Toyota Highlander Hybrid XLE', 'Toyota Highlander SE'))","(83, ('2019 Toyota Highlander Hybrid XLE', 'Toyota Highlander LE'))","(86, ('2019 Toyota Highlander Hybrid XLE', 'Toyota Highlander XLE'))",3
239,"(78, ('2019 Toyota Highlander Limited Platinum', 'Toyota Highlander LE Plus'))","(85, ('2019 Toyota Highlander Limited Platinum', 'Toyota Highlander Limited'))","(94, ('2019 Toyota Highlander Limited Platinum', 'Toyota Highlander Ltd Platinum'))",3
240,"(72, ('2019 Toyota Prius Prime Advanced', 'Toyota Prius Limited'))","(80, ('2019 Toyota Prius Prime Advanced', 'Toyota Prius Prime'))","(88, ('2019 Toyota Prius Prime Advanced', 'Toyota Prius Advanced'))",0
241,"(74, ('2019 Toyota RAV4 Hybrid LE', 'Toyota RAV4 SE'))","(78, ('2019 Toyota RAV4 Hybrid LE', 'Toyota RAV4 XLE'))","(80, ('2019 Toyota RAV4 Hybrid LE', 'Toyota RAV4 LE'))",3
242,"(71, ('2019 Toyota RAV4 Hybrid Limited', 'Toyota Highlander Limited'))","(74, ('2019 Toyota RAV4 Hybrid Limited', 'Toyota Prius Limited'))","(84, ('2019 Toyota RAV4 Hybrid Limited', 'Toyota RAV4 Limited'))",3
243,"(76, ('2019 Toyota RAV4 Hybrid XLE', 'Toyota RAV4 XSE'))","(78, ('2019 Toyota RAV4 Hybrid XLE', 'Toyota RAV4 LE'))","(81, ('2019 Toyota RAV4 Hybrid XLE', 'Toyota RAV4 XLE'))",3
244,"(76, ('2019 Toyota RAV4 Hybrid XSE', 'Toyota RAV4 XLE'))","(78, ('2019 Toyota RAV4 Hybrid XSE', 'Toyota RAV4 SE'))","(81, ('2019 Toyota RAV4 Hybrid XSE', 'Toyota RAV4 XSE'))",3
245,"(70, ('2019 Toyota Tacoma TRD Off Road', 'Toyota Tacoma SR5'))","(71, ('2019 Toyota Tacoma TRD Off Road', 'Toyota Tacoma SR'))","(78, ('2019 Toyota Tacoma TRD Off Road', 'Toyota Tacoma TRD Sport'))",0
246,"(77, ('2019 Toyota XLE', 'Toyota Prius XLE'))","(80, ('2019 Toyota XLE', 'Toyota C-HR XLE'))","(80, ('2019 Toyota XLE', 'Toyota RAV4 XLE'))",0
247,"(80, ('2019 Toyota Yaris Sedan LE', 'Toyota Yaris L'))","(83, ('2019 Toyota Yaris Sedan LE', 'Toyota Yaris LE'))","(83, ('2019 Toyota Yaris Sedan LE', 'Toyota Yaris SE'))",2
248,"(75, ('2019 Volkswagen Arteon 2.0T SEL', 'Volkswagen GTI Autoban 2.0T'))","(80, ('2019 Volkswagen Arteon 2.0T SEL', 'Volkswagen Beetle 2.0T S'))","(82, ('2019 Volkswagen Arteon 2.0T SEL', 'Volkswagen Beetle 2.0T SE'))",0
249,"(86, ('2019 Volkswagen Atlas 2.0T SE', 'Volkswagen Atlas SEL'))","(86, ('2019 Volkswagen Atlas 2.0T SE', 'Volkswagen Beetle 2.0T SE'))","(88, ('2019 Volkswagen Atlas 2.0T SE', 'Volkswagen Atlas SE'))",3
250,"(72, ('2019 Volkswagen Atlas 3.6 V6 SEL R-Line', 'Volkswagen Atlas SE Tech'))","(74, ('2019 Volkswagen Atlas 3.6 V6 SEL R-Line', 'Volkswagen Atlas SEL'))","(75, ('2019 Volkswagen Atlas 3.6 V6 SEL R-Line', 'Volkswagen Atlas Execline+ R-Line'))",2
251,"(84, ('2019 Volkswagen Atlas 3.6L S', 'Volkswagen Atlas SEL'))","(86, ('2019 Volkswagen Atlas 3.6L S', 'Volkswagen Atlas SE'))","(88, ('2019 Volkswagen Atlas 3.6L S', 'Volkswagen Atlas S'))",3
252,"(67, ('2019 Volkswagen Atlas 3.6L SE w/Technology', 'Volkswagen Atlas Trendline'))","(68, ('2019 Volkswagen Atlas 3.6L SE w/Technology', 'Volkswagen Atlas SE'))","(79, ('2019 Volkswagen Atlas 3.6L SE w/Technology', 'Volkswagen Atlas SE Tech'))",3
253,"(84, ('2019 Volkswagen Atlas 3.6L SEL', 'Volkswagen Atlas S'))","(86, ('2019 Volkswagen Atlas 3.6L SEL', 'Volkswagen Atlas SE'))","(89, ('2019 Volkswagen Atlas 3.6L SEL', 'Volkswagen Atlas SEL'))",3
254,"(93, ('2019 Volkswagen Golf GTI SE', 'Volkswagen Golf TSI S'))","(93, ('2019 Volkswagen Golf GTI SE', 'Volkswagen Golf TSI SEL'))","(95, ('2019 Volkswagen Golf GTI SE', 'Volkswagen Golf TSI SE'))",0
255,"(77, ('2019 Volkswagen Golf SportWagen 1.4T SE', 'Volkswagen Golf 1.8T SE'))","(79, ('2019 Volkswagen Golf SportWagen 1.4T SE', 'Volkswagen Golf 1.4T S'))","(81, ('2019 Volkswagen Golf SportWagen 1.4T SE', 'Volkswagen Golf 1.4T SE'))",3
256,"(84, ('2019 Volkswagen Jetta 1.4T S', 'Volkswagen Jetta SEL'))","(86, ('2019 Volkswagen Jetta 1.4T S', 'Volkswagen Jetta SE'))","(88, ('2019 Volkswagen Jetta 1.4T S', 'Volkswagen Jetta S'))",3
257,"(80, ('2019 Volkswagen Jetta GLI 2.0T S', 'Volkswagen Jetta S'))","(86, ('2019 Volkswagen Jetta GLI 2.0T S', 'Volkswagen Jetta GLI SEL'))","(88, ('2019 Volkswagen Jetta GLI 2.0T S', 'Volkswagen Jetta GLI SE'))",0
258,"(84, ('2019 Volkswagen Tiguan 2.0T S', 'Volkswagen Tiguan SEL'))","(86, ('2019 Volkswagen Tiguan 2.0T S', 'Volkswagen Tiguan SE'))","(88, ('2019 Volkswagen Tiguan 2.0T S', 'Volkswagen Tiguan S'))",3
259,"(86, ('2019 Volkswagen Tiguan 2.0T SE', 'Volkswagen Tiguan S'))","(87, ('2019 Volkswagen Tiguan 2.0T SE', 'Volkswagen Tiguan SEL'))","(89, ('2019 Volkswagen Tiguan 2.0T SE', 'Volkswagen Tiguan SE'))",3
260,"(84, ('2019 Volkswagen Tiguan 2.0T SEL', 'Volkswagen Tiguan S'))","(87, ('2019 Volkswagen Tiguan 2.0T SEL', 'Volkswagen Tiguan SE'))","(89, ('2019 Volkswagen Tiguan 2.0T SEL', 'Volkswagen Tiguan SEL'))",3
261,"(69, ('2019 Volkswagen Tiguan 2.0T SEL R-Line Black', 'Volkswagen Tiguan SE 4Motion'))","(70, ('2019 Volkswagen Tiguan 2.0T SEL R-Line Black', 'Volkswagen Tiguan SEL'))","(71, ('2019 Volkswagen Tiguan 2.0T SEL R-Line Black', 'Volkswagen Tiguan SEL 4Motion'))",2
262,"(84, ('2019 Volkswagen e-Golf SE', 'Volkswagen Golf 1.8T SE'))","(84, ('2019 Volkswagen e-Golf SE', 'Volkswagen Golf TSI SEL'))","(86, ('2019 Volkswagen e-Golf SE', 'Volkswagen Golf TSI SE'))",1
263,"(79, ('2019 Volkswagen e-Golf SEL Premium', 'Volkswagen Tiguan SEL Premium'))","(84, ('2019 Volkswagen e-Golf SEL Premium', 'Volkswagen Atlas SEL Premium'))","(84, ('2019 Volkswagen e-Golf SEL Premium', 'Volkswagen Jetta SEL Premium'))",0
264,"(73, ('2020 Acura RDX Base', 'Acura RDX A-Spec'))","(78, ('2020 Acura RDX Base', 'Acura RDX'))","(79, ('2020 Acura RDX Base', 'Acura RDX Tech'))",2
265,"(67, ('2020 Acura RDX Technology Package', 'Acura RDX Tech'))","(68, ('2020 Acura RDX Technology Package', 'Acura MDX Advance Package'))","(73, ('2020 Acura RDX Technology Package', 'Acura RDX Adv Package'))",1
266,"(84, ('2020 BMW 330 i xDrive', 'BMW 340i XDrive'))","(84, ('2020 BMW 330 i xDrive', 'BMW 530i XDrive'))","(90, ('2020 BMW 330 i xDrive', 'BMW 330i XDrive'))",3
267,"(87, ('2020 BMW 330i xDrive', 'BMW 340i XDrive'))","(87, ('2020 BMW 330i xDrive', 'BMW 530i XDrive'))","(93, ('2020 BMW 330i xDrive', 'BMW 330i XDrive'))",3
268,"(88, ('2020 BMW 430i', 'BMW 540i'))","(88, ('2020 BMW 430i', 'BMW 640i'))","(88, ('2020 BMW 430i', 'BMW 740i'))",0
269,"(87, ('2020 BMW 440i xDrive', 'BMW 340i XDrive'))","(87, ('2020 BMW 440i xDrive', 'BMW 540i XDrive'))","(93, ('2020 BMW 440i xDrive', 'BMW 440i XDrive'))",3
270,"(84, ('2020 BMW 530 i xDrive', 'BMW 650i XDrive'))","(88, ('2020 BMW 530 i xDrive', 'BMW M550i xDrive'))","(90, ('2020 BMW 530 i xDrive', 'BMW 530i XDrive'))",3
271,"(88, ('2020 BMW 840i', 'BMW 540i'))","(88, ('2020 BMW 840i', 'BMW 640i'))","(88, ('2020 BMW 840i', 'BMW 740i'))",0
272,"(78, ('2020 BMW M240 i', 'BMW 640i'))","(78, ('2020 BMW M240 i', 'BMW 740i'))","(95, ('2020 BMW M240 i', 'BMW M240i'))",3
273,"(85, ('2020 BMW M340 i xDrive', 'BMW M550i xDrive'))","(85, ('2020 BMW M340 i xDrive', 'BMW M760i xDrive'))","(88, ('2020 BMW M340 i xDrive', 'BMW 340i XDrive'))",3
274,"(52, ('2020 BMW X3 M Competition', 'BMW X4 M40i'))","(54, ('2020 BMW X3 M Competition', 'BMW M6 Gran Coupe'))","(89, ('2020 BMW X3 M Competition', 'BMW M2 Competition'))",0
275,"(85, ('2020 BMW X3 sDrive30i', 'BMW X4 XDrive 30i'))","(91, ('2020 BMW X3 sDrive30i', 'BMW X3 SDrive 30i'))","(91, ('2020 BMW X3 sDrive30i', 'BMW X3 XDrive 30i'))",2
276,"(79, ('2020 BMW X5 sDrive40i', 'BMW X5 XDrive 5.0'))","(82, ('2020 BMW X5 sDrive40i', 'BMW X3 XDrive M40i'))","(85, ('2020 BMW X5 sDrive40i', 'BMW X5 XDrive 50i'))",0
277,"(79, ('2020 BMW X5 xDrive40i', 'BMW X5 XDrive 5.0'))","(82, ('2020 BMW X5 xDrive40i', 'BMW X3 XDrive M40i'))","(85, ('2020 BMW X5 xDrive40i', 'BMW X5 XDrive 50i'))",0
278,"(79, ('2020 BMW X7 xDrive40i', 'BMW X4 XDrive 30i'))","(79, ('2020 BMW X7 xDrive40i', 'BMW X5 XDrive 50i'))","(82, ('2020 BMW X7 xDrive40i', 'BMW X3 XDrive M40i'))",0
279,"(83, ('2020 Cadillac Escalade Premium Luxury', 'Cadillac Escalade ESV Luxury'))","(86, ('2020 Cadillac Escalade Premium Luxury', 'Cadillac Escalade Luxury'))","(88, ('2020 Cadillac Escalade Premium Luxury', 'Cadillac Escalade Premium'))",3
280,"(93, ('2020 Cadillac XT4 Premium Luxury', 'Cadillac CT6 Premium Luxury'))","(93, ('2020 Cadillac XT4 Premium Luxury', 'Cadillac CTS Premium Luxury'))","(94, ('2020 Cadillac XT4 Premium Luxury', 'Cadillac XT4 Prem Luxury'))",3
281,"(86, ('2020 Cadillac XT6 Premium Luxury AWD', 'Cadillac ATS Premium Luxury'))","(86, ('2020 Cadillac XT6 Premium Luxury AWD', 'Cadillac CTS Premium Luxury'))","(90, ('2020 Cadillac XT6 Premium Luxury AWD', 'Cadillac CT6 Premium Luxury'))",0
282,"(76, ('2020 Cadillac XT6 Sport AWD', 'Cadillac CTS V-Sport'))","(85, ('2020 Cadillac XT6 Sport AWD', 'Cadillac CT6 Sport'))","(85, ('2020 Cadillac XT6 Sport AWD', 'Cadillac XT4 Sport'))",0
283,"(77, ('2020 Chevrolet 1LT', 'Chevrolet Trax LTZ'))","(79, ('2020 Chevrolet 1LT', 'Chevrolet Malibu 1LT'))","(80, ('2020 Chevrolet 1LT', 'Chevrolet Trax LT'))",2
284,"(71, ('2020 Chevrolet ACTIV', 'Chevrolet Camaro LT'))","(71, ('2020 Chevrolet ACTIV', 'Chevrolet Cruze CVT'))","(73, ('2020 Chevrolet ACTIV', 'Chevrolet Cruze LT'))",0
285,"(79, ('2020 Chevrolet Blazer 1LT', 'Chevrolet Cruze LT'))","(79, ('2020 Chevrolet Blazer 1LT', 'Chevrolet Spark LT'))","(79, ('2020 Chevrolet Blazer 1LT', 'Chevrolet Tahoe LT'))",0
286,"(79, ('2020 Chevrolet Blazer 2LT', 'Chevrolet Spark LT'))","(79, ('2020 Chevrolet Blazer 2LT', 'Chevrolet Tahoe LT'))","(80, ('2020 Chevrolet Blazer 2LT', 'Chevrolet Camaro 2LT'))",0
287,"(79, ('2020 Chevrolet Blazer 3LT', 'Chevrolet Cruze LT'))","(79, ('2020 Chevrolet Blazer 3LT', 'Chevrolet Spark LT'))","(79, ('2020 Chevrolet Blazer 3LT', 'Chevrolet Tahoe LT'))",0
288,"(84, ('2020 Chevrolet Blazer Premier', 'Chevrolet Traverse Premier'))","(85, ('2020 Chevrolet Blazer Premier', 'Chevrolet Cruze Premier'))","(85, ('2020 Chevrolet Blazer Premier', 'Chevrolet Tahoe Premier'))",0
289,"(76, ('2020 Chevrolet Blazer RS', 'Chevrolet Tahoe LS'))","(79, ('2020 Chevrolet Blazer RS', 'Chevrolet Camaro RS'))","(80, ('2020 Chevrolet Blazer RS', 'Chevrolet Traverse RS'))",0
290,"(92, ('2020 Chevrolet Camaro 1LS', 'Chevrolet Camaro RS'))","(92, ('2020 Chevrolet Camaro 1LS', 'Chevrolet Camaro SS'))","(97, ('2020 Chevrolet Camaro 1LS', 'Chevrolet Camaro LS'))",3
291,"(74, ('2020 Chevrolet Colorado 2WD Work Truck', 'Chevrolet Colorado LT'))","(79, ('2020 Chevrolet Colorado 2WD Work Truck', 'Chevrolet Silverado 1500 Work Truck'))","(94, ('2020 Chevrolet Colorado 2WD Work Truck', 'Chevrolet Colorado Work Truck'))",3
292,"(88, ('2020 Chevrolet Colorado WT', 'Chevrolet Colorado ZR2'))","(92, ('2020 Chevrolet Colorado WT', 'Chevrolet Colorado'))","(95, ('2020 Chevrolet Colorado WT', 'Chevrolet Colorado LT'))",2
293,"(95, ('2020 Chevrolet Equinox 1LT', 'Chevrolet Equinox 3LT'))","(95, ('2020 Chevrolet Equinox 1LT', 'Chevrolet Equinox L'))","(98, ('2020 Chevrolet Equinox 1LT', 'Chevrolet Equinox LT'))",3
294,"(77, ('2020 Chevrolet Equinox Premier w/1LZ', 'Chevrolet Equinox 3LZ'))","(78, ('2020 Chevrolet Equinox Premier w/1LZ', 'Chevrolet Equinox LZ'))","(89, ('2020 Chevrolet Equinox Premier w/1LZ', 'Chevrolet Equinox Premier'))",3
295,"(78, ('2020 Chevrolet Equinox Premier w/2LZ', 'Chevrolet Equinox LZ'))","(81, ('2020 Chevrolet Equinox Premier w/2LZ', 'Chevrolet Equinox 2LZ'))","(89, ('2020 Chevrolet Equinox Premier w/2LZ', 'Chevrolet Equinox Premier'))",2
296,"(77, ('2020 Chevrolet Express 2500 Work Van', 'Chevrolet Express G3500 LT'))","(81, ('2020 Chevrolet Express 2500 Work Van', 'Chevrolet Express G2500 LS'))","(81, ('2020 Chevrolet Express 2500 Work Van', 'Chevrolet Express G2500 LT'))",0
297,"(80, ('2020 Chevrolet LS', 'Chevrolet Tahoe LS'))","(81, ('2020 Chevrolet LS', 'Chevrolet Sonic'))","(83, ('2020 Chevrolet LS', 'Chevrolet Trax LS'))",0
298,"(80, ('2020 Chevrolet LT', 'Chevrolet Tahoe LT'))","(80, ('2020 Chevrolet LT', 'Chevrolet Trax LTZ'))","(83, ('2020 Chevrolet LT', 'Chevrolet Trax LT'))",0
299,"(95, ('2020 Chevrolet Malibu 1LS', 'Chevrolet Malibu 1LT'))","(95, ('2020 Chevrolet Malibu 1LS', 'Chevrolet Malibu L'))","(97, ('2020 Chevrolet Malibu 1LS', 'Chevrolet Malibu LS'))",3
300,"(91, ('2020 Chevrolet Malibu RS', 'Chevrolet Malibu'))","(92, ('2020 Chevrolet Malibu RS', 'Chevrolet Malibu L'))","(95, ('2020 Chevrolet Malibu RS', 'Chevrolet Malibu LS'))",1
301,"(85, ('2020 Chevrolet Premier', 'Chevrolet Sonic Premier'))","(85, ('2020 Chevrolet Premier', 'Chevrolet Tahoe Premier'))","(87, ('2020 Chevrolet Premier', 'Chevrolet Trax Premier'))",0
302,"(77, ('2020 Chevrolet RST', 'Chevrolet Sonic LT'))","(77, ('2020 Chevrolet RST', 'Chevrolet Spark LT'))","(79, ('2020 Chevrolet RST', 'Chevrolet Sonic'))",0
303,"(86, ('2020 Chevrolet Silverado 1500 Custom Trail Boss', 'Chevrolet Silverado 1500 LT Trail B'))","(91, ('2020 Chevrolet Silverado 1500 Custom Trail Boss', 'Chevrolet Silverado 1500 Custom Tra'))","(91, ('2020 Chevrolet Silverado 1500 Custom Trail Boss', 'Chevrolet Silverado 1500 Trail Boss'))",2
304,"(83, ('2020 Chevrolet Silverado 1500 LT Trail Boss', 'Chevrolet Silverado 1500 LT'))","(96, ('2020 Chevrolet Silverado 1500 LT Trail Boss', 'Chevrolet Silverado 1500 LT Trail B'))","(96, ('2020 Chevrolet Silverado 1500 LT Trail Boss', 'Chevrolet Silverado 1500 Trail Boss'))",2
305,"(95, ('2020 Chevrolet Silverado 1500 WT', 'Chevrolet Silverado 1500 LTZ'))","(95, ('2020 Chevrolet Silverado 1500 WT', 'Chevrolet Silverado 1500 RST'))","(96, ('2020 Chevrolet Silverado 1500 WT', 'Chevrolet Silverado 1500 LT'))",0
306,"(84, ('2020 Chevrolet Silverado 2500 Custom', 'Chevrolet Silverado 2500HD'))","(91, ('2020 Chevrolet Silverado 2500 Custom', 'Chevrolet Silverado 1500 Custom Tra'))","(97, ('2020 Chevrolet Silverado 2500 Custom', 'Chevrolet Silverado 1500 Custom'))",1
307,"(89, ('2020 Chevrolet Silverado 2500 High Country', 'Chevrolet Silverado 3500HD High Cty'))","(92, ('2020 Chevrolet Silverado 2500 High Country', 'Chevrolet Silverado 2500HD High Cty'))","(94, ('2020 Chevrolet Silverado 2500 High Country', 'Chevrolet Silverado 1500 High Cntry'))",2
308,"(95, ('2020 Chevrolet Silverado 2500 LT', 'Chevrolet Silverado 2500HD LTZ'))","(96, ('2020 Chevrolet Silverado 2500 LT', 'Chevrolet Silverado 1500 LT'))","(96, ('2020 Chevrolet Silverado 2500 LT', 'Chevrolet Silverado 2500HD LT'))",3
309,"(95, ('2020 Chevrolet Silverado 2500 LTZ', 'Chevrolet Silverado 2500HD LT'))","(96, ('2020 Chevrolet Silverado 2500 LTZ', 'Chevrolet Silverado 1500 LTZ'))","(97, ('2020 Chevrolet Silverado 2500 LTZ', 'Chevrolet Silverado 2500HD LTZ'))",3
310,"(93, ('2020 Chevrolet Silverado 2500 WT', 'Chevrolet Silverado 2500HD LT'))","(93, ('2020 Chevrolet Silverado 2500 WT', 'Chevrolet Silverado 3500HD WT'))","(96, ('2020 Chevrolet Silverado 2500 WT', 'Chevrolet Silverado 2500HD WT'))",3
311,"(89, ('2020 Chevrolet Silverado 3500 High Country', 'Chevrolet Silverado 2500HD High Cty'))","(92, ('2020 Chevrolet Silverado 3500 High Country', 'Chevrolet Silverado 3500HD High Cty'))","(94, ('2020 Chevrolet Silverado 3500 High Country', 'Chevrolet Silverado 1500 High Cntry'))",2
312,"(95, ('2020 Chevrolet Silverado 3500 LTZ', 'Chevrolet Silverado 3500HD LT'))","(96, ('2020 Chevrolet Silverado 3500 LTZ', 'Chevrolet Silverado 1500 LTZ'))","(97, ('2020 Chevrolet Silverado 3500 LTZ', 'Chevrolet Silverado 3500HD LTZ'))",3
313,"(93, ('2020 Chevrolet Silverado 3500 WT', 'Chevrolet Silverado 2500HD WT'))","(93, ('2020 Chevrolet Silverado 3500 WT', 'Chevrolet Silverado 3500HD LT'))","(96, ('2020 Chevrolet Silverado 3500 WT', 'Chevrolet Silverado 3500HD WT'))",3
314,"(79, ('2020 Chevrolet Spark 1LT', 'Chevrolet Impala LT'))","(92, ('2020 Chevrolet Spark 1LT', 'Chevrolet Spark LS'))","(97, ('2020 Chevrolet Spark 1LT', 'Chevrolet Spark LT'))",3
315,"(82, ('2020 Chevrolet Spark 2LT', 'Chevrolet Camaro 2LT'))","(92, ('2020 Chevrolet Spark 2LT', 'Chevrolet Spark LS'))","(97, ('2020 Chevrolet Spark 2LT', 'Chevrolet Spark LT'))",3
316,"(79, ('2020 Chevrolet Spark ACTIV', 'Chevrolet Spark Active'))","(82, ('2020 Chevrolet Spark ACTIV', 'Chevrolet Spark LS'))","(87, ('2020 Chevrolet Spark ACTIV', 'Chevrolet Spark LT'))",1
317,"(85, ('2020 Chevrolet Suburban LS', 'Chevrolet Suburban 1500 LT'))","(86, ('2020 Chevrolet Suburban LS', 'Chevrolet Suburban 1500'))","(89, ('2020 Chevrolet Suburban LS', 'Chevrolet Suburban 1500 LS'))",3
318,"(85, ('2020 Chevrolet Suburban LT', 'Chevrolet Suburban 1500 LS'))","(86, ('2020 Chevrolet Suburban LT', 'Chevrolet Suburban 1500'))","(89, ('2020 Chevrolet Suburban LT', 'Chevrolet Suburban 1500 LT'))",3
319,"(90, ('2020 Chevrolet Suburban Premier', 'Chevrolet Suburban K1500 Premier'))","(91, ('2020 Chevrolet Suburban Premier', 'Chevrolet Suburban 1500 Premier'))","(93, ('2020 Chevrolet Suburban Premier', 'Chevrolet Suburban C15 Premier'))",0
320,"(85, ('2020 Chevrolet Traverse LT Cloth', 'Chevrolet Traverse LS Fleet'))","(88, ('2020 Chevrolet Traverse LT Cloth', 'Chevrolet Traverse LT'))","(89, ('2020 Chevrolet Traverse LT Cloth', 'Chevrolet Traverse LT Fleet'))",2
321,"(82, ('2020 Chevrolet Traverse LT Leather', 'Chevrolet Traverse LS Fleet'))","(84, ('2020 Chevrolet Traverse LT Leather', 'Chevrolet Traverse LT'))","(86, ('2020 Chevrolet Traverse LT Leather', 'Chevrolet Traverse LT Fleet'))",2
322,"(74, ('2020 Chevrolet WT', 'Chevrolet Sonic'))","(76, ('2020 Chevrolet WT', 'Chevrolet Trax LS'))","(76, ('2020 Chevrolet WT', 'Chevrolet Trax LT'))",0
323,"(72, ('2020 Chevrolet Work Van', 'Chevrolet Spark LS'))","(72, ('2020 Chevrolet Work Van', 'Chevrolet Spark LT'))","(73, ('2020 Chevrolet Work Van', 'Chevrolet Sonic'))",0
324,"(71, ('2020 Chevrolet Z71', 'Chevrolet Trax LTZ'))","(73, ('2020 Chevrolet Z71', 'Chevrolet Camaro ZL1'))","(74, ('2020 Chevrolet Z71', 'Chevrolet Colorado Z71'))",3
325,"(91, ('2020 Chrysler Pacifica Touring L', 'Chrysler Pacifica Touring Plus'))","(96, ('2020 Chrysler Pacifica Touring L', 'Chrysler Pacifica Touring'))","(96, ('2020 Chrysler Pacifica Touring L', 'Chrysler Pacifica Touring-L'))",3
326,"(62, ('2020 Chrysler Voyager L', 'Chrysler 300 S'))","(63, ('2020 Chrysler Voyager L', 'Chrysler Pacifica LX'))","(65, ('2020 Chrysler Voyager L', 'Chrysler Pacifica L'))",0
327,"(61, ('2020 Chrysler Voyager LX', 'Chrysler 300 S'))","(63, ('2020 Chrysler Voyager LX', 'Chrysler Pacifica L'))","(67, ('2020 Chrysler Voyager LX', 'Chrysler Pacifica LX'))",0
328,"(90, ('2020 Ford EcoSport SE', 'Ford Ecosport S'))","(91, ('2020 Ford EcoSport SE', 'Ford Ecosport SES'))","(94, ('2020 Ford EcoSport SE', 'Ford Ecosport SE'))",3
329,"(81, ('2020 Ford Edge ST', 'Ford Edge Sport'))","(88, ('2020 Ford Edge ST', 'Ford Edge SEL'))","(92, ('2020 Ford Edge ST', 'Ford Edge SE'))",1
330,"(76, ('2020 Ford Expedition Max Limited', 'Ford Expedition XL'))","(92, ('2020 Ford Expedition Max Limited', 'Ford Expedition Limited'))","(93, ('2020 Ford Expedition Max Limited', 'Ford Expedition MAX Limited'))",3
331,"(88, ('2020 Ford Expedition Max XLT', 'Ford Expedition XL'))","(90, ('2020 Ford Expedition Max XLT', 'Ford Expedition XLT'))","(91, ('2020 Ford Expedition Max XLT', 'Ford Expedition MAX XLT'))",3
332,"(86, ('2020 Ford Explorer ST', 'Ford Explorer Sport'))","(90, ('2020 Ford Explorer ST', 'Ford Explorer'))","(91, ('2020 Ford Explorer ST', 'Ford Explorer XLT'))",1
333,"(89, ('2020 Ford F-150 King Ranch', 'Ford F-250 SD King Ranch'))","(89, ('2020 Ford F-150 King Ranch', 'Ford F-350 SD King Ranch'))","(89, ('2020 Ford F-150 King Ranch', 'Ford F-450 SD King Ranch'))",0
334,"(78, ('2020 Ford F-150 Lariat', 'Ford F-250 SD Lariat OFF'))","(86, ('2020 Ford F-150 Lariat', 'Ford F-250 SD Lariat'))","(86, ('2020 Ford F-150 Lariat', 'Ford F-350 SD Lariat'))",0
335,"(80, ('2020 Ford F-150 Platinum', 'Ford F-250 SD Platinum OFF'))","(88, ('2020 Ford F-150 Platinum', 'Ford F-250 SD Platinum'))","(88, ('2020 Ford F-150 Platinum', 'Ford F-350 SD Platinum'))",0
336,"(83, ('2020 Ford F-150 XL', 'Ford F-350 SD XL'))","(87, ('2020 Ford F-150 XL', 'Ford F-150'))","(89, ('2020 Ford F-150 XL', 'Ford F-150 FX4'))",2
337,"(84, ('2020 Ford F-150 XLT', 'Ford F-250 SD XLT'))","(84, ('2020 Ford F-150 XLT', 'Ford F-350 SD XLT'))","(86, ('2020 Ford F-150 XLT', 'Ford F-150 FX4'))",0
338,"(74, ('2020 Ford Fusion Hybrid Titanium', 'Ford Focus Titanium'))","(85, ('2020 Ford Fusion Hybrid Titanium', 'Ford Fusion Energi Titanium'))","(85, ('2020 Ford Fusion Hybrid Titanium', 'Ford Fusion Titanium'))",2
339,"(72, ('2020 Ford Mustang EcoBoost', 'Ford Mustang GT'))","(73, ('2020 Ford Mustang EcoBoost', 'Ford Mustang'))","(73, ('2020 Ford Mustang EcoBoost', 'Ford Mustang Bullitt'))",2
340,"(60, ('2020 Ford XL', 'Ford Flex SEL'))","(61, ('2020 Ford XL', 'Ford F-250 SD XL'))","(61, ('2020 Ford XL', 'Ford F-350 SD XL'))",0
341,"(64, ('2020 Ford XLT', 'Ford Explorer XLT'))","(64, ('2020 Ford XLT', 'Ford F-250 SD XLT'))","(64, ('2020 Ford XLT', 'Ford F-350 SD XLT'))",0
342,"(80, ('2020 GMC Acadia AT4', 'GMC Acadia SLT-1'))","(80, ('2020 GMC Acadia AT4', 'GMC Acadia SLT-2'))","(81, ('2020 GMC Acadia AT4', 'GMC Acadia SL'))",0
343,"(93, ('2020 GMC Acadia SLE', 'GMC Acadia SLE-1'))","(93, ('2020 GMC Acadia SLE', 'GMC Acadia SLE-2'))","(96, ('2020 GMC Acadia SLE', 'GMC Acadia SL'))",1
344,"(93, ('2020 GMC Acadia SLT', 'GMC Acadia SLT-1'))","(93, ('2020 GMC Acadia SLT', 'GMC Acadia SLT-2'))","(96, ('2020 GMC Acadia SLT', 'GMC Acadia SL'))",1
345,"(70, ('2020 GMC Savana 2500 Work Van', 'GMC Savana G3500 LT'))","(74, ('2020 GMC Savana 2500 Work Van', 'GMC Savana G2500 LS'))","(74, ('2020 GMC Savana 2500 Work Van', 'GMC Savana G2500 LT'))",3
346,"(82, ('2020 GMC Sierra 1500 Base', 'GMC Sierra 1500 SLE'))","(82, ('2020 GMC Sierra 1500 Base', 'GMC Sierra 1500 SLT'))","(86, ('2020 GMC Sierra 1500 Base', 'GMC Sierra 1500'))",3
347,"(90, ('2020 GMC Sierra 2500 SLT', 'GMC Sierra 3500HD SLT'))","(95, ('2020 GMC Sierra 2500 SLT', 'GMC Sierra 1500 SLT'))","(95, ('2020 GMC Sierra 2500 SLT', 'GMC Sierra 2500HD SLT'))",3
348,"(90, ('2020 GMC Sierra 3500 SLT', 'GMC Sierra 3500HD SLE'))","(95, ('2020 GMC Sierra 3500 SLT', 'GMC Sierra 1500 SLT'))","(95, ('2020 GMC Sierra 3500 SLT', 'GMC Sierra 3500HD SLT'))",3
349,"(52, ('2020 GMC Work Van', 'GMC Terrain SLT'))","(54, ('2020 GMC Work Van', 'GMC Terrain SL'))","(55, ('2020 GMC Work Van', 'GMC Canyon'))",0
350,"(60, ('2020 GMC Yukon SLT Standard Edition', 'GMC Yukon SLE'))","(60, ('2020 GMC Yukon SLT Standard Edition', 'GMC Yukon SLT'))","(61, ('2020 GMC Yukon SLT Standard Edition', 'GMC Yukon XL Denali'))",2
351,"(83, ('2020 GMC Yukon XL SLT', 'GMC Yukon SLE'))","(86, ('2020 GMC Yukon XL SLT', 'GMC Yukon XL 1500 SLT'))","(90, ('2020 GMC Yukon XL SLT', 'GMC Yukon SLT'))",2
352,"(59, ('2020 GMC Yukon XL SLT Standard Edition', 'GMC Yukon XL 1500 SLE'))","(59, ('2020 GMC Yukon XL SLT Standard Edition', 'GMC Yukon XL 1500 SLT'))","(62, ('2020 GMC Yukon XL SLT Standard Edition', 'GMC Yukon XL Denali'))",2
353,"(67, ('2020 Genesis G80 3.3T Sport', 'Genesis G80'))","(87, ('2020 Genesis G80 3.3T Sport', 'Genesis G80 Sport'))","(90, ('2020 Genesis G80 3.3T Sport', 'Genesis G80T Sport'))",3
354,"(80, ('2020 Honda Accord EX 1.5T', 'Honda Accord LX'))","(81, ('2020 Honda Accord EX 1.5T', 'Honda Accord EX-L'))","(86, ('2020 Honda Accord EX 1.5T', 'Honda Accord EX'))",3
355,"(81, ('2020 Honda Accord EX-L 1.5T', 'Honda Accord EX'))","(82, ('2020 Honda Accord EX-L 1.5T', 'Honda Accord EX-L Navi'))","(87, ('2020 Honda Accord EX-L 1.5T', 'Honda Accord EX-L'))",3
356,"(67, ('2020 Honda Accord Hybrid Touring', 'Honda HR-V Touring'))","(67, ('2020 Honda Accord Hybrid Touring', 'Honda Odyssey Touring'))","(85, ('2020 Honda Accord Hybrid Touring', 'Honda Accord Touring'))",3
357,"(76, ('2020 Honda Accord LX 1.5T', 'Honda Accord EX-L'))","(80, ('2020 Honda Accord LX 1.5T', 'Honda Accord EX'))","(86, ('2020 Honda Accord LX 1.5T', 'Honda Accord LX'))",3
358,"(69, ('2020 Honda Accord Sport 1.5T', 'Honda Accord'))","(70, ('2020 Honda Accord Sport 1.5T', 'Honda Accord Touring'))","(88, ('2020 Honda Accord Sport 1.5T', 'Honda Accord Sport'))",3
359,"(69, ('2020 Honda Accord Sport 2.0T', 'Honda Accord'))","(70, ('2020 Honda Accord Sport 2.0T', 'Honda Accord Touring'))","(88, ('2020 Honda Accord Sport 2.0T', 'Honda Accord Sport'))",3
360,"(67, ('2020 Honda Odyssey EX-L w/Navi/RES', 'Honda Odyssey LX'))","(71, ('2020 Honda Odyssey EX-L w/Navi/RES', 'Honda Odyssey EX'))","(77, ('2020 Honda Odyssey EX-L w/Navi/RES', 'Honda Odyssey EX-L'))",3
361,"(63, ('2020 Honda Odyssey EX-L w/Navigation/RES', 'Honda Odyssey EX'))","(63, ('2020 Honda Odyssey EX-L w/Navigation/RES', 'Honda Odyssey Elite'))","(68, ('2020 Honda Odyssey EX-L w/Navigation/RES', 'Honda Odyssey EX-L'))",3
362,"(62, ('2020 Honda Pilot Touring 7-Passenger', 'Honda Clarity Touring'))","(62, ('2020 Honda Pilot Touring 7-Passenger', 'Honda Insight Touring'))","(72, ('2020 Honda Pilot Touring 7-Passenger', 'Honda Pilot EX Touring'))",0
363,"(62, ('2020 Honda Pilot Touring 8-Passenger', 'Honda Clarity Touring'))","(62, ('2020 Honda Pilot Touring 8-Passenger', 'Honda Insight Touring'))","(72, ('2020 Honda Pilot Touring 8-Passenger', 'Honda Pilot EX Touring'))",0
364,"(83, ('2020 Hyundai Kona SEL Plus', 'Hyundai Kona SE'))","(86, ('2020 Hyundai Kona SEL Plus', 'Hyundai Kona SEL'))","(86, ('2020 Hyundai Kona SEL Plus', 'Hyundai Tucson SEL Plus'))",0
365,"(86, ('2020 Hyundai Santa Fe SE 2.4', 'Hyundai Santa Fe SEL+'))","(88, ('2020 Hyundai Santa Fe SE 2.4', 'Hyundai Santa Fe SEL'))","(90, ('2020 Hyundai Santa Fe SE 2.4', 'Hyundai Santa Fe SE'))",3
366,"(86, ('2020 Hyundai Santa Fe SEL 2.0T', 'Hyundai Santa Fe SE'))","(87, ('2020 Hyundai Santa Fe SEL 2.0T', 'Hyundai Santa Fe SEL+'))","(89, ('2020 Hyundai Santa Fe SEL 2.0T', 'Hyundai Santa Fe SEL'))",3
367,"(88, ('2020 Hyundai Santa Fe SEL 2.4', 'Hyundai Santa Fe SE'))","(89, ('2020 Hyundai Santa Fe SEL 2.4', 'Hyundai Santa Fe SEL+'))","(91, ('2020 Hyundai Santa Fe SEL 2.4', 'Hyundai Santa Fe SEL'))",3
368,"(88, ('2020 Hyundai Sonata', 'Hyundai Sonata Eco'))","(88, ('2020 Hyundai Sonata', 'Hyundai Sonata SEL'))","(90, ('2020 Hyundai Sonata', 'Hyundai Sonata SE'))",0
369,"(37, ('2020 INFINITI Q50 3.0t LUXE', 'Ford F-350 SD XL'))","(37, ('2020 INFINITI Q50 3.0t LUXE', 'Nissan NV3500 SL'))","(38, ('2020 INFINITI Q50 3.0t LUXE', 'Fiat 500 Lounge'))",0
370,"(36, ('2020 INFINITI QX50 ESSENTIAL', 'Ford F-250 SD XL'))","(36, ('2020 INFINITI QX50 ESSENTIAL', 'Ford F-350 SD XL'))","(36, ('2020 INFINITI QX50 ESSENTIAL', 'Nissan NV3500 SL'))",0
371,"(51, ('2020 INFINITI QX50 Luxe', 'Infiniti Q60 Luxe'))","(51, ('2020 INFINITI QX50 Luxe', 'Infiniti Q70 Luxe'))","(57, ('2020 INFINITI QX50 Luxe', 'Infiniti Q50 Luxe'))",3
372,"(35, ('2020 INFINITI QX50 SENSORY', 'Ford F-250 SD'))","(35, ('2020 INFINITI QX50 SENSORY', 'Ford F-350 SD'))","(36, ('2020 INFINITI QX50 SENSORY', 'Infiniti QX50 Essential'))",0
373,"(51, ('2020 INFINITI QX60 Luxe', 'Infiniti Q50 Luxe'))","(51, ('2020 INFINITI QX60 Luxe', 'Infiniti Q70 Luxe'))","(57, ('2020 INFINITI QX60 Luxe', 'Infiniti Q60 Luxe'))",3
374,"(42, ('2020 INFINITI QX60 Pure', 'Lexus GX 460 Premium'))","(46, ('2020 INFINITI QX60 Pure', 'Infiniti Q60 Luxe'))","(57, ('2020 INFINITI QX60 Pure', 'Infiniti Q60 Pure'))",3
375,"(85, ('2020 Jaguar F-PACE 25t Prestige', 'Jaguar F-Pace 25T Prestige'))","(88, ('2020 Jaguar F-PACE 25t Prestige', 'Jaguar XE 25t Prestige'))","(88, ('2020 Jaguar F-PACE 25t Prestige', 'Jaguar XF 25t Prestige'))",1
376,"(83, ('2020 Jaguar F-PACE 25t R-Sport', 'Jaguar XE 35t R-Sport'))","(84, ('2020 Jaguar F-PACE 25t R-Sport', 'Jaguar F-Pace 25T R-Sport'))","(87, ('2020 Jaguar F-PACE 25t R-Sport', 'Jaguar XE 25t R-Sport'))",2
377,"(72, ('2020 Jeep Compass Altitude', 'Jeep Compass Sport'))","(78, ('2020 Jeep Compass Altitude', 'Jeep Compass Limited'))","(90, ('2020 Jeep Compass Altitude', 'Jeep Compass Latitude'))",3
378,"(55, ('2020 Jeep Gladiator Overland', 'Jeep Grand Cherokee Sterling'))","(67, ('2020 Jeep Gladiator Overland', 'Jeep Cherokee Overland'))","(71, ('2020 Jeep Gladiator Overland', 'Jeep Grand Cherokee Overland'))",0
379,"(58, ('2020 Jeep Gladiator Rubicon', 'Jeep Wrangler Unlimited Rubico'))","(61, ('2020 Jeep Gladiator Rubicon', 'Jeep Wrangler Rubicon Recon'))","(70, ('2020 Jeep Gladiator Rubicon', 'Jeep Wrangler Rubicon'))",0
380,"(63, ('2020 Jeep Gladiator Sport', 'Jeep Wrangler Sport S'))","(67, ('2020 Jeep Gladiator Sport', 'Jeep Renegade Sport'))","(67, ('2020 Jeep Gladiator Sport', 'Jeep Wrangler Sport'))",0
381,"(63, ('2020 Jeep Gladiator Sport S', 'Jeep Renegade Sport'))","(63, ('2020 Jeep Gladiator Sport S', 'Jeep Wrangler Sport'))","(70, ('2020 Jeep Gladiator Sport S', 'Jeep Wrangler Sport S'))",0
382,"(81, ('2020 Jeep Grand Cherokee Altitude', 'Jeep Grand Cherokee Summit'))","(84, ('2020 Jeep Grand Cherokee Altitude', 'Jeep Grand Cherokee Limited'))","(86, ('2020 Jeep Grand Cherokee Altitude', 'Jeep Grand Cherokee High Altit'))",2
383,"(75, ('2020 Jeep Grand Cherokee High Altitude', 'Jeep Grand Cherokee Summit'))","(80, ('2020 Jeep Grand Cherokee High Altitude', 'Jeep Grand Cherokee Limited'))","(95, ('2020 Jeep Grand Cherokee High Altitude', 'Jeep Grand Cherokee High Altit'))",3
384,"(79, ('2020 Jeep Grand Cherokee Laredo E', 'Jeep Grand Cherokee Overland'))","(84, ('2020 Jeep Grand Cherokee Laredo E', 'Jeep Grand Cherokee Limited'))","(96, ('2020 Jeep Grand Cherokee Laredo E', 'Jeep Grand Cherokee Laredo'))",3
385,"(82, ('2020 Jeep Grand Cherokee Upland', 'Jeep Grand Cherokee SRT'))","(85, ('2020 Jeep Grand Cherokee Upland', 'Jeep Grand Cherokee Laredo'))","(89, ('2020 Jeep Grand Cherokee Upland', 'Jeep Grand Cherokee Overland'))",0
386,"(82, ('2020 Jeep Wrangler Unlimited Rubicon', 'Jeep Wrangler Unlimited Altitu'))","(83, ('2020 Jeep Wrangler Unlimited Rubicon', 'Jeep Wrangler Unlimited Sport'))","(98, ('2020 Jeep Wrangler Unlimited Rubicon', 'Jeep Wrangler Unlimited Rubico'))",3
387,"(76, ('2020 Jeep Wrangler Unlimited Sport Altitude', 'Jeep Wrangler Unlimited Sahara'))","(87, ('2020 Jeep Wrangler Unlimited Sport Altitude', 'Jeep Wrangler Unlimited Sport'))","(88, ('2020 Jeep Wrangler Unlimited Sport Altitude', 'Jeep Wrangler Unlimited Altitu'))",2
388,"(82, ('2020 Jeep Wrangler Unlimited Sport S', 'Jeep Wrangler Unlimited Rubico'))","(85, ('2020 Jeep Wrangler Unlimited Sport S', 'Jeep Wrangler Unlimited Sahara'))","(97, ('2020 Jeep Wrangler Unlimited Sport S', 'Jeep Wrangler Unlimited Sport'))",3
389,"(71, ('2020 Kia Forte GT-Line', 'Kia Forte S'))","(76, ('2020 Kia Forte GT-Line', 'Kia Forte LX'))","(83, ('2020 Kia Forte GT-Line', 'Kia Forte GT'))",0
390,"(88, ('2020 Kia Forte LXS', 'Kia Forte SX'))","(92, ('2020 Kia Forte LXS', 'Kia Forte S'))","(96, ('2020 Kia Forte LXS', 'Kia Forte LX'))",0
391,"(71, ('2020 Kia Optima EX Premium', 'Kia Optima SX'))","(76, ('2020 Kia Optima EX Premium', 'Kia Optima EX'))","(80, ('2020 Kia Optima EX Premium', 'Kia Niro EX Premium'))",0
392,"(89, ('2020 Kia Sorento S', 'Kia Sorento LX'))","(92, ('2020 Kia Sorento S', 'Kia Sorento L'))","(96, ('2020 Kia Sorento S', 'Kia Sorento SX'))",0
393,"(86, ('2020 Kia Soul EX', 'Kia Soul +'))","(87, ('2020 Kia Soul EX', 'Kia Soul EV+'))","(91, ('2020 Kia Soul EX', 'Kia Soul EV'))",0
394,"(56, ('2020 Kia Soul GT-Line 1.6L', 'Kia Stinger GT1'))","(58, ('2020 Kia Soul GT-Line 1.6L', 'Kia Soul !'))","(58, ('2020 Kia Soul GT-Line 1.6L', 'Kia Soul +'))",0
395,"(84, ('2020 Kia Soul LX', 'Kia Soul'))","(86, ('2020 Kia Soul LX', 'Kia Soul !'))","(86, ('2020 Kia Soul LX', 'Kia Soul +'))",0
396,"(89, ('2020 Kia Soul S', 'Kia Soul'))","(90, ('2020 Kia Soul S', 'Kia Soul !'))","(90, ('2020 Kia Soul S', 'Kia Soul +'))",0
397,"(70, ('2020 Kia Soul X-Line', 'Kia Soul'))","(72, ('2020 Kia Soul X-Line', 'Kia Soul !'))","(72, ('2020 Kia Soul X-Line', 'Kia Soul +'))",0
398,"(90, ('2020 Kia Sportage S', 'Kia Sportage EX'))","(90, ('2020 Kia Sportage S', 'Kia Sportage LX'))","(97, ('2020 Kia Sportage S', 'Kia Sportage SX'))",0
399,"(78, ('2020 Kia Sportage SX Turbo', 'Kia Sportage EX'))","(78, ('2020 Kia Sportage SX Turbo', 'Kia Sportage LX'))","(83, ('2020 Kia Sportage SX Turbo', 'Kia Sportage SX'))",3
400,"(88, ('2020 Land Rover Discovery Sport S', 'Land Rover Discovery Sport HSE Dynam'))","(88, ('2020 Land Rover Discovery Sport S', 'Land Rover Discovery Sport HSE Luxur'))","(97, ('2020 Land Rover Discovery Sport S', 'Land Rover Discovery Sport HSE'))",0
401,"(82, ('2020 Land Rover Range Rover Evoque R-Dynamic HSE', 'Land Rover Range Rover Evoq SE'))","(84, ('2020 Land Rover Range Rover Evoque R-Dynamic HSE', 'Land Rover Range Rover Evoq HSE'))","(84, ('2020 Land Rover Range Rover Evoque R-Dynamic HSE', 'Land Rover Range Rover Evoq SE Dynam'))",2
402,"(83, ('2020 Land Rover Range Rover Evoque R-Dynamic S', 'Land Rover Range Rover Evoq HSE Dyna'))","(83, ('2020 Land Rover Range Rover Evoque R-Dynamic S', 'Land Rover Range Rover Velar R-Dynam'))","(86, ('2020 Land Rover Range Rover Evoque R-Dynamic S', 'Land Rover Range Rover Evoq SE Dynam'))",0
403,"(92, ('2020 Land Rover Range Rover Evoque S', 'Land Rover Range Rover Evoq SE P'))","(94, ('2020 Land Rover Range Rover Evoque S', 'Land Rover Range Rover Evoq HSE'))","(95, ('2020 Land Rover Range Rover Evoque S', 'Land Rover Range Rover Evoq SE'))",0
404,"(80, ('2020 Lexus 570', 'Lexus LC500'))","(80, ('2020 Lexus 570', 'Lexus LS500'))","(86, ('2020 Lexus 570', 'Lexus LX 570'))",3
405,"(73, ('2020 Lexus ES 300h Base', 'Lexus IS 300'))","(75, ('2020 Lexus ES 300h Base', 'Lexus ES 350 S'))","(77, ('2020 Lexus ES 300h Base', 'Lexus ES 300H'))",3
406,"(85, ('2020 Lexus ES 350 F Sport', 'Lexus RC 350 F-Sport'))","(85, ('2020 Lexus ES 350 F Sport', 'Lexus RX 350 F-Sport'))","(88, ('2020 Lexus ES 350 F Sport', 'Lexus GS 450H F Sport'))",0
407,"(61, ('2020 Lexus Luxury', 'Lexus LS500'))","(75, ('2020 Lexus Luxury', 'Lexus RX 350L Luxury'))","(77, ('2020 Lexus Luxury', 'Lexus GX 460 Luxury'))",0
408,"(69, ('2020 Lexus NX 300 Base', 'Lexus RX 350'))","(80, ('2020 Lexus NX 300 Base', 'Lexus NX 300h'))","(83, ('2020 Lexus NX 300 Base', 'Lexus NX 300'))",3
409,"(67, ('2020 Lexus NX 300h Base', 'Lexus RX 350'))","(80, ('2020 Lexus NX 300h Base', 'Lexus NX 300'))","(84, ('2020 Lexus NX 300h Base', 'Lexus NX 300h'))",3
410,"(76, ('2020 Lexus RX 350 Base', 'Lexus RC 350'))","(80, ('2020 Lexus RX 350 Base', 'Lexus RX 350L'))","(83, ('2020 Lexus RX 350 Base', 'Lexus RX 350'))",3
411,"(68, ('2020 Lincoln Aviator Standard', 'Lincoln Navigator'))","(68, ('2020 Lincoln Aviator Standard', 'Lincoln Navigator L Select'))","(71, ('2020 Lincoln Aviator Standard', 'Lincoln Navigator Select'))",0
412,"(77, ('2020 Lincoln Corsair Reserve', 'Lincoln Nautilus Reserve'))","(79, ('2020 Lincoln Corsair Reserve', 'Lincoln Navigator Reserve'))","(81, ('2020 Lincoln Corsair Reserve', 'Lincoln MKC Reserve'))",0
413,"(80, ('2020 Lincoln MKZ Hybrid Reserve', 'Lincoln MKT Reserve'))","(80, ('2020 Lincoln MKZ Hybrid Reserve', 'Lincoln MKX Reserve'))","(84, ('2020 Lincoln MKZ Hybrid Reserve', 'Lincoln MKZ Reserve'))",3
414,"(73, ('2020 Lincoln Nautilus Standard', 'Lincoln Nautilus Reserve'))","(78, ('2020 Lincoln Nautilus Standard', 'Lincoln Nautilus'))","(79, ('2020 Lincoln Nautilus Standard', 'Lincoln Nautilus Select'))",2
415,"(52, ('2020 Mazda Mazda3 FWD w/Preferred Package', 'Mazda Mazda3 Sport'))","(54, ('2020 Mazda Mazda3 FWD w/Preferred Package', 'Mazda Mazda3 Touring'))","(55, ('2020 Mazda Mazda3 FWD w/Preferred Package', 'Mazda Mazda3 Grand Touring'))",0
416,"(54, ('2020 Mazda Mazda3 FWD w/Premium Package', 'Mazda Mazda3 Sport'))","(57, ('2020 Mazda Mazda3 FWD w/Premium Package', 'Mazda Mazda3 Grand Touring'))","(59, ('2020 Mazda Mazda3 FWD w/Premium Package', 'Mazda Mazda3 Touring'))",0
417,"(51, ('2020 Mazda Mazda3 FWD w/Select Package', 'Mazda Mazda3 Grand Touring'))","(53, ('2020 Mazda Mazda3 FWD w/Select Package', 'Mazda Mazda3 Touring'))","(59, ('2020 Mazda Mazda3 FWD w/Select Package', 'Mazda Mazda3 Sport'))",0
418,"(82, ('2020 Mazda Mazda6 Grand Touring', 'Mazda MX-5 Miata Grand Touring'))","(83, ('2020 Mazda Mazda6 Grand Touring', 'Mazda Mazda3 Touring'))","(96, ('2020 Mazda Mazda6 Grand Touring', 'Mazda Mazda3 Grand Touring'))",0
419,"(74, ('2020 Mazda Mazda6 Sport', 'Mazda Mazda3 Touring'))","(75, ('2020 Mazda Mazda6 Sport', 'Mazda MX-5 Miata Sport'))","(94, ('2020 Mazda Mazda6 Sport', 'Mazda Mazda3 Sport'))",0
420,"(77, ('2020 Mazda Mazda6 Touring', 'Mazda MX-5 Miata Touring'))","(83, ('2020 Mazda Mazda6 Touring', 'Mazda Mazda3 Grand Touring'))","(95, ('2020 Mazda Mazda6 Touring', 'Mazda Mazda3 Touring'))",0
421,"(60, ('2020 Mercedes-Benz Base', 'Mercedes Metris Passenger'))","(62, ('2020 Mercedes-Benz Base', 'Mercedes C350e'))","(62, ('2020 Mercedes-Benz Base', 'Mercedes S560e'))",0
422,"(76, ('2020 Mercedes-Benz C 300', 'Mercedes GLC300'))","(80, ('2020 Mercedes-Benz C 300', 'Mercedes SLC 300'))","(81, ('2020 Mercedes-Benz C 300', 'Mercedes C300'))",3
423,"(79, ('2020 Mercedes-Benz E 450 4MATIC', 'Mercedes GLE400 4MATIC'))","(79, ('2020 Mercedes-Benz E 450 4MATIC', 'Mercedes GLS450 4MATIC'))","(83, ('2020 Mercedes-Benz E 450 4MATIC', 'Mercedes S450 4MATIC'))",3
424,"(67, ('2020 Mercedes-Benz GLC 300 Base', 'Mercedes GLC300 4MATIC'))","(71, ('2020 Mercedes-Benz GLC 300 Base', 'Mercedes SLC 300'))","(73, ('2020 Mercedes-Benz GLC 300 Base', 'Mercedes GLC300'))",3
425,"(75, ('2020 Mercedes-Benz GLC 300 Base 4MATIC', 'Mercedes C300 4MATIC'))","(79, ('2020 Mercedes-Benz GLC 300 Base 4MATIC', 'Mercedes GLC350e 4MATIC'))","(80, ('2020 Mercedes-Benz GLC 300 Base 4MATIC', 'Mercedes GLC300 4MATIC'))",3
426,"(75, ('2020 Mercedes-Benz GLS 450 Base 4MATIC', 'Mercedes S450 4MATIC'))","(76, ('2020 Mercedes-Benz GLS 450 Base 4MATIC', 'Mercedes GLS550 4MATIC'))","(80, ('2020 Mercedes-Benz GLS 450 Base 4MATIC', 'Mercedes GLS450 4MATIC'))",3
427,"(79, ('2020 Mercedes-Benz S 560 4MATIC', 'Mercedes GLS550 4MATIC'))","(83, ('2020 Mercedes-Benz S 560 4MATIC', 'Mercedes S450 4MATIC'))","(87, ('2020 Mercedes-Benz S 560 4MATIC', 'Mercedes S560 4MATIC'))",3
428,"(94, ('2020 Mitsubishi Outlander SP', 'Mitsubishi Outlander SEL'))","(96, ('2020 Mitsubishi Outlander SP', 'Mitsubishi Outlander ES'))","(96, ('2020 Mitsubishi Outlander SP', 'Mitsubishi Outlander SE'))",0
429,"(90, ('2020 Mitsubishi Outlander Sport 2.0 ES', 'Mitsubishi Outlander Sport LE'))","(90, ('2020 Mitsubishi Outlander Sport 2.0 ES', 'Mitsubishi Outlander Sport SE'))","(94, ('2020 Mitsubishi Outlander Sport 2.0 ES', 'Mitsubishi Outlander Sport ES'))",3
430,"(90, ('2020 Mitsubishi Outlander Sport 2.0 SE', 'Mitsubishi Outlander Sport LE'))","(92, ('2020 Mitsubishi Outlander Sport 2.0 SE', 'Mitsubishi Outlander Sport SEL'))","(94, ('2020 Mitsubishi Outlander Sport 2.0 SE', 'Mitsubishi Outlander Sport SE'))",3
431,"(67, ('2020 Nissan 370Z NISMO', 'Nissan NV3500 SV'))","(69, ('2020 Nissan 370Z NISMO', 'Nissan NV3500 S'))","(79, ('2020 Nissan 370Z NISMO', 'Nissan 370Z'))",3
432,"(79, ('2020 Nissan Altima 2.0 Platinum', 'Nissan Armada Platinum'))","(79, ('2020 Nissan Altima 2.0 Platinum', 'Nissan Maxima Platinum'))","(96, ('2020 Nissan Altima 2.0 Platinum', 'Nissan Altima 2.5 Platinum'))",0
433,"(67, ('2020 Nissan GT-R Premium', 'Ford Mustang GT Premium'))","(73, ('2020 Nissan GT-R Premium', 'Nissan GT-R'))","(78, ('2020 Nissan GT-R Premium', 'Nissan GT-R Nismo'))",2
434,"(83, ('2020 Nissan Maxima 3.5 SV', 'Nissan Maxima SR'))","(86, ('2020 Nissan Maxima 3.5 SV', 'Nissan Maxima S'))","(89, ('2020 Nissan Maxima 3.5 SV', 'Nissan Maxima SV'))",3
435,"(65, ('2020 Nissan NV Cargo NV1500 S V6', 'Nissan NV3500 SL'))","(67, ('2020 Nissan NV Cargo NV1500 S V6', 'Nissan NV3500 S'))","(70, ('2020 Nissan NV Cargo NV1500 S V6', 'Nissan NV3500 SV'))",0
436,"(87, ('2020 Nissan NV200 S', 'Nissan NV3500 SL'))","(87, ('2020 Nissan NV200 S', 'Nissan NV3500 SV'))","(90, ('2020 Nissan NV200 S', 'Nissan NV3500 S'))",0
437,"(84, ('2020 Nissan NV200 SV', 'Nissan NV3500 SL'))","(87, ('2020 Nissan NV200 SV', 'Nissan NV3500 S'))","(90, ('2020 Nissan NV200 SV', 'Nissan NV3500 SV'))",0
438,"(95, ('2020 Nissan Versa 1.6 SR', 'Nissan Versa 1.6 SL'))","(95, ('2020 Nissan Versa 1.6 SR', 'Nissan Versa 1.6 SV'))","(97, ('2020 Nissan Versa 1.6 SR', 'Nissan Versa 1.6 S'))",0
439,"(85, ('2020 Nissan Versa S', 'Nissan Versa 1.6 SL'))","(85, ('2020 Nissan Versa S', 'Nissan Versa 1.6 SV'))","(88, ('2020 Nissan Versa S', 'Nissan Versa 1.6 S'))",3
440,"(82, ('2020 Nissan Versa SR', 'Nissan Versa 1.6 SV'))","(84, ('2020 Nissan Versa SR', 'Nissan Sentra SR'))","(85, ('2020 Nissan Versa SR', 'Nissan Versa 1.6 S'))",0
441,"(50, ('2020 RAM 1500 Big Horn', 'Dodge Ram 1500 Laramie Longhorn'))","(55, ('2020 RAM 1500 Big Horn', 'Dodge Ram 1500 Longhorn'))","(75, ('2020 RAM 1500 Big Horn', 'Dodge Ram 1500 Big Horn'))",3
442,"(50, ('2020 RAM 1500 Big Horn/Lone Star', 'Dodge Ram 1500 Longhorn Sport'))","(56, ('2020 RAM 1500 Big Horn/Lone Star', 'Dodge Ram 1500 Lonestar'))","(60, ('2020 RAM 1500 Big Horn/Lone Star', 'Dodge Ram 1500 Big Horn'))",0
443,"(58, ('2020 RAM 1500 Laramie', 'Dodge Ram 1500 Limited'))","(60, ('2020 RAM 1500 Laramie', 'Dodge Ram 1500 Laramie Longhorn'))","(74, ('2020 RAM 1500 Laramie', 'Dodge Ram 1500 Laramie'))",3
444,"(59, ('2020 RAM 1500 Limited', 'Ford F-350 SD Limited'))","(61, ('2020 RAM 1500 Limited', 'Chrysler 300 Limited'))","(74, ('2020 RAM 1500 Limited', 'Dodge Ram 1500 Limited'))",3
445,"(55, ('2020 RAM 1500 Lone Star', 'Dodge Ram 1500 Longhorn Sport'))","(55, ('2020 RAM 1500 Lone Star', 'Fiat 500 Lounge'))","(68, ('2020 RAM 1500 Lone Star', 'Dodge Ram 1500 Lonestar'))",3
446,"(62, ('2020 RAM 1500 Longhorn', 'Dodge Ram 1500 Laramie Longhorn'))","(65, ('2020 RAM 1500 Longhorn', 'Dodge Ram 1500 Longhorn Sport'))","(75, ('2020 RAM 1500 Longhorn', 'Dodge Ram 1500 Longhorn'))",3
447,"(45, ('2020 RAM 1500 Rebel', 'Dodge Ram 1500 ST'))","(50, ('2020 RAM 1500 Rebel', 'GMC Sierra 1500 Denali'))","(71, ('2020 RAM 1500 Rebel', 'Dodge Ram 1500 Rebel'))",3
448,"(50, ('2020 RAM 1500 Tradesman', 'Fiat 500L Trekking'))","(55, ('2020 RAM 1500 Tradesman', 'Dodge Ram 1500 Outdoorsman'))","(76, ('2020 RAM 1500 Tradesman', 'Dodge Ram 1500 Tradesman'))",3
449,"(43, ('2020 RAM Big Horn', 'Kia Niro Touring'))","(43, ('2020 RAM Big Horn', 'Mini Cooper'))","(57, ('2020 RAM Big Horn', 'Dodge Ram 1500 Big Horn'))",3
450,"(43, ('2020 RAM Laramie', 'Dodge Ram 1500 Laramie Longhorn'))","(47, ('2020 RAM Laramie', 'Toyota RAV4 Limited'))","(55, ('2020 RAM Laramie', 'Dodge Ram 1500 Laramie'))",3
451,"(62, ('2020 RAM Limited', 'Subaru BRZ Limited'))","(62, ('2020 RAM Limited', 'Subaru WRX Limited'))","(67, ('2020 RAM Limited', 'Toyota RAV4 Limited'))",0
452,"(48, ('2020 RAM ProMaster 1500 Base', 'GMC Sierra 1500 SLE'))","(48, ('2020 RAM ProMaster 1500 Base', 'GMC Sierra 1500 SLT'))","(49, ('2020 RAM ProMaster 1500 Base', 'GMC Sierra 1500 Denali'))",0
453,"(48, ('2020 RAM ProMaster 2500 High Roof', 'Chevrolet Silverado 1500 High Cntry'))","(48, ('2020 RAM ProMaster 2500 High Roof', 'Chevrolet Silverado 3500HD High Cty'))","(51, ('2020 RAM ProMaster 2500 High Roof', 'Chevrolet Silverado 2500HD High Cty'))",0
454,"(48, ('2020 RAM ProMaster 3500 High Roof', 'Chevrolet Silverado 1500 High Cntry'))","(48, ('2020 RAM ProMaster 3500 High Roof', 'Chevrolet Silverado 2500HD High Cty'))","(51, ('2020 RAM ProMaster 3500 High Roof', 'Chevrolet Silverado 3500HD High Cty'))",0
455,"(59, ('2020 Subaru Ascent Touring 7-Passenger', 'Subaru Ascent Limited'))","(59, ('2020 Subaru Ascent Touring 7-Passenger', 'Subaru Ascent Premium'))","(78, ('2020 Subaru Ascent Touring 7-Passenger', 'Subaru Ascent Touring'))",3
456,"(77, ('2020 Subaru Forester Limited', 'Subaru Ascent Limited'))","(81, ('2020 Subaru Forester Limited', 'Subaru Crosstrek Limited'))","(90, ('2020 Subaru Forester Limited', 'Subaru Forester 2.5I Limited'))",3
457,"(68, ('2020 Subaru Impreza Sport', 'Subaru Legacy 2.5I Sport'))","(77, ('2020 Subaru Impreza Sport', 'Subaru Impreza 2.0I'))","(89, ('2020 Subaru Impreza Sport', 'Subaru Impreza 2.0I Sport'))",3
458,"(68, ('2020 Subaru Legacy Sport', 'Subaru Impreza 2.0I Sport'))","(76, ('2020 Subaru Legacy Sport', 'Subaru Legacy 2.5I'))","(88, ('2020 Subaru Legacy Sport', 'Subaru Legacy 2.5I Sport'))",3
459,"(75, ('2020 Subaru Outback Limited', 'Subaru WRX Limited'))","(90, ('2020 Subaru Outback Limited', 'Subaru Outback 2.5I Limited'))","(90, ('2020 Subaru Outback Limited', 'Subaru Outback 3.6R Limited'))",3
460,"(75, ('2020 Subaru Outback Premium', 'Subaru BRZ Premium'))","(75, ('2020 Subaru Outback Premium', 'Subaru WRX Premium'))","(90, ('2020 Subaru Outback Premium', 'Subaru Outback 2.5I Premium'))",3
461,"(74, ('2020 Subaru Outback Touring', 'Subaru Ascent Touring'))","(90, ('2020 Subaru Outback Touring', 'Subaru Outback 2.5I Touring'))","(90, ('2020 Subaru Outback Touring', 'Subaru Outback 3.6R Touring'))",0
462,"(73, ('2020 Subaru WRX Base', 'Subaru WRX Premium'))","(76, ('2020 Subaru WRX Base', 'Subaru WRX STI'))","(80, ('2020 Subaru WRX Base', 'Subaru WRX'))",3
463,"(73, ('2020 Toyota 4Runner Venture', 'Toyota 4Runner TRD Pro'))","(75, ('2020 Toyota 4Runner Venture', 'Toyota 4Runner SR5'))","(77, ('2020 Toyota 4Runner Venture', 'Toyota 4Runner Limited'))",0
464,"(74, ('2020 Toyota Avalon Hybrid XLE', 'Toyota Avalon XLE Plus'))","(78, ('2020 Toyota Avalon Hybrid XLE', 'Toyota Avalon XSE'))","(83, ('2020 Toyota Avalon Hybrid XLE', 'Toyota Avalon XLE'))",3
465,"(71, ('2020 Toyota Avalon Hybrid XSE', 'Toyota Avalon Touring'))","(78, ('2020 Toyota Avalon Hybrid XSE', 'Toyota Avalon XLE'))","(83, ('2020 Toyota Avalon Hybrid XSE', 'Toyota Avalon XSE'))",3
466,"(78, ('2020 Toyota Camry Hybrid LE', 'Toyota Camry L'))","(79, ('2020 Toyota Camry Hybrid LE', 'Toyota Camry XLE'))","(81, ('2020 Toyota Camry Hybrid LE', 'Toyota Camry LE'))",3
467,"(80, ('2020 Toyota Corolla Hybrid LE', 'Toyota Corolla L'))","(81, ('2020 Toyota Corolla Hybrid LE', 'Toyota Corolla XLE'))","(83, ('2020 Toyota Corolla Hybrid LE', 'Toyota Corolla LE'))",3
468,"(71, ('2020 Toyota Corolla Nightshade', 'Toyota Corolla LE'))","(71, ('2020 Toyota Corolla Nightshade', 'Toyota Corolla SE'))","(73, ('2020 Toyota Corolla Nightshade', 'Toyota Corolla L'))",0
469,"(81, ('2020 Toyota Prius Prime LE', 'Toyota Prius XLE'))","(83, ('2020 Toyota Prius Prime LE', 'Toyota Prius LE'))","(92, ('2020 Toyota Prius Prime LE', 'Toyota Prius Prime'))",2
470,"(73, ('2020 Toyota Prius Prime Limited', 'Toyota Prius Three'))","(82, ('2020 Toyota Prius Prime Limited', 'Toyota Prius Prime'))","(87, ('2020 Toyota Prius Prime Limited', 'Toyota Prius Limited'))",3
471,"(81, ('2020 Toyota Prius Prime XLE', 'Toyota Prius LE'))","(84, ('2020 Toyota Prius Prime XLE', 'Toyota Prius XLE'))","(90, ('2020 Toyota Prius Prime XLE', 'Toyota Prius Prime'))",2
472,"(79, ('2020 Toyota Sienna XLE Premium', 'Toyota RAV4 XLE Premium'))","(80, ('2020 Toyota Sienna XLE Premium', 'Toyota Avalon XLE Premium'))","(81, ('2020 Toyota Sienna XLE Premium', 'Toyota Sienna XLE'))",3
473,"(68, ('2020 Toyota Supra 3.0 Premium', 'Toyota RAV4 XLE Premium'))","(69, ('2020 Toyota Supra 3.0 Premium', 'Toyota Avalon XLE Premium'))","(72, ('2020 Toyota Supra 3.0 Premium', 'Toyota 4Runner SR5 Premium'))",0
474,"(70, ('2020 Toyota Tacoma TRD Off Road', 'Toyota Tacoma SR5'))","(71, ('2020 Toyota Tacoma TRD Off Road', 'Toyota Tacoma SR'))","(78, ('2020 Toyota Tacoma TRD Off Road', 'Toyota Tacoma TRD Sport'))",0
475,"(79, ('2020 Toyota Tacoma TRD Pro', 'Toyota Tacoma SR5'))","(81, ('2020 Toyota Tacoma TRD Pro', 'Toyota Tacoma SR'))","(86, ('2020 Toyota Tacoma TRD Pro', 'Toyota Tacoma TRD Sport'))",0
476,"(78, ('2020 Toyota Yaris Sedan XLE', 'Toyota Yaris L'))","(81, ('2020 Toyota Yaris Sedan XLE', 'Toyota Yaris LE'))","(81, ('2020 Toyota Yaris Sedan XLE', 'Toyota Yaris SE'))",0
477,"(67, ('2020 Volvo V60 Cross Country T5', 'Volvo V60 T5 X-Country Platinum'))","(67, ('2020 Volvo V60 Cross Country T5', 'Volvo V60 T5 X-Country R-Design'))","(75, ('2020 Volvo V60 Cross Country T5', 'Volvo V60 T5 X-Country'))",3
478,"(75, ('2020 Volvo XC90 T5 Momentum 7 Passenger', 'Volvo XC90 T6 Momentum'))","(75, ('2020 Volvo XC90 T5 Momentum 7 Passenger', 'Volvo XC90 T8 Momentum'))","(79, ('2020 Volvo XC90 T5 Momentum 7 Passenger', 'Volvo XC90 T5 Momentum'))",3
479,"(75, ('2020 Volvo XC90 T6 Momentum 7 Passenger', 'Volvo XC90 T5 Momentum'))","(75, ('2020 Volvo XC90 T6 Momentum 7 Passenger', 'Volvo XC90 T8 Momentum'))","(79, ('2020 Volvo XC90 T6 Momentum 7 Passenger', 'Volvo XC90 T6 Momentum'))",3